log_id,timestamp,user_name,operation,table_name,record_id,field_name,old_value,new_value,reason
9c4971ad-1802-4d5a-adcd-e694f784c6e1,2025-09-01 10:00:00,佐藤,INSERT,OBSERVATION,f990613a-8fbc-4963-a40b-d94cd6f6540c,,,,初回登録
2b7488a6-cc74-47ab-8e19-ae71ca2bd655,2025-09-01 10:00:00,犬山,INSERT,OBSERVATION,99fd04f5-636c-4ff9-ad11-e71aefca239d,,,,初回登録
ec1745cb-6663-45dd-8198-35cab93299b7,2025-09-01 10:15:00,山本,INSERT,OBSERVATION,f378a24c-1c42-4e88-b8af-c67aa6c6e772,,,,初回登録
712b8ec9-dbb9-40dd-8351-25f4f94409f1,2025-09-01 10:45:00,山本,INSERT,OBSERVATION,28c29116-b31e-4a8d-be4b-5cb87fd619bc,,,,初回登録
ce3ce6ef-63d3-4ac0-9819-052d678fb131,2025-09-01 9:00:00,山本,INSERT,OBSERVATION,121baf2c-b79d-46ad-97d0-feaa797b1ac2,,,,初回登録
3c2a6ba7-0175-4ebc-b44e-3b4c73c8f8fc,2025-09-01 9:00:00,犬山,INSERT,OBSERVATION,f802b0bf-593e-4c97-aaeb-78e225e1a4ce,,,,初回登録
85c95388-6647-4dfe-9b48-fcf54f39a6f9,2025-09-01 9:15:00,犬山,INSERT,OBSERVATION,57c0e0a5-8c04-4157-8bb3-37dff656c9c0,,,,初回登録
0a9ae87d-9c00-438c-8a3d-0b815d280652,2025-09-01 9:30:00,鈴木,INSERT,OBSERVATION,2f8a19aa-dbb5-4e10-b2b4-3a179392c97b,,,,初回登録
098bbb47-d2cd-45e9-b43a-09418f3c0807,2025-09-01 9:30:00,鈴木,INSERT,OBSERVATION,a1f714e1-936e-4690-9d0f-02ca8a6be02f,,,,初回登録
148c2d5b-8537-4f64-a2ef-d25142a767eb,2025-09-01 9:45:00,犬山,INSERT,OBSERVATION,0711c043-6dc7-4fce-83ea-1bb4f9e8bf78,,,,初回登録
5e9eabab-bbbf-47c7-a141-42a1ef62e19b,2025-09-02 10:00:00,佐藤,INSERT,OBSERVATION,da331862-8f1c-4a83-9d79-1de0503dcdf1,,,,初回登録
ef9949ff-c4c4-499a-b510-0dd922df3e8a,2025-09-02 10:00:00,佐藤,INSERT,OBSERVATION,52dd6c2f-b893-4278-9fce-2f08bb493eef,,,,初回登録
91e47b7f-dfd8-4192-aa08-db1630517ecc,2025-09-02 10:00:00,鈴木,INSERT,OBSERVATION,ecabafc2-b7cb-48ee-b1a0-ffc79c2b87b4,,,,初回登録
d9923534-09dc-433b-908a-a5179a4f91aa,2025-09-02 10:15:00,鈴木,INSERT,OBSERVATION,6b339ad8-f7eb-4218-adbd-6c36ab81a8df,,,,初回登録
cd5a4dbc-a1dc-4bb2-9bff-25c4b75a0d9d,2025-09-02 10:15:00,山本,INSERT,OBSERVATION,1e7a6c83-75b9-4996-a6ab-aeae44ab5a63,,,,初回登録
e9dcb184-489b-4a01-bb88-f8be08193c42,2025-09-02 10:30:00,佐藤,INSERT,OBSERVATION,31eb5b82-e777-41b5-8e0f-993a77c9e7b8,,,,初回登録
5da71693-ef17-4bd2-9751-6a0a0dce8a74,2025-09-02 9:30:00,田中,INSERT,OBSERVATION,94b15293-d865-4be5-83d2-fd7fd58d1220,,,,初回登録
7226e14f-b3d1-4c72-b907-ae6edcfa8efa,2025-09-02 9:30:00,佐藤,INSERT,OBSERVATION,6ca33e65-37f2-43cd-bc9e-42b3ee4a7bb0,,,,初回登録
de3904d5-1fbf-4377-9dce-ff36093c1e9a,2025-09-02 9:45:00,鈴木,INSERT,OBSERVATION,74ac7607-ff24-4211-8f4a-4c5628c7eb1e,,,,初回登録
cf29cec8-bb7f-4efb-bbfc-4d4d8af20946,2025-09-02 9:45:00,田中,INSERT,OBSERVATION,eae69a72-6ca1-44a0-9250-99ecfcdc12ad,,,,初回登録
f81c0dcd-cca4-4139-b8c8-5b4240b197a7,2025-09-03 10:30:00,田中,INSERT,OBSERVATION,843e2ce9-fc99-4df5-a098-ab268d446531,,,,初回登録
8e18e591-b432-48ef-81fc-b01c92e3ca07,2025-09-03 10:30:00,犬山,INSERT,OBSERVATION,19ad381e-8b32-4be1-bd42-79eeb87190ad,,,,初回登録
0af20fec-918e-4d9b-97cf-06503622110e,2025-09-03 10:30:00,田中,INSERT,OBSERVATION,bfb0a653-cacf-48db-bc63-73c9c7990515,,,,初回登録
79326c66-f559-42cd-b34c-28d0d129bcae,2025-09-03 10:45:00,犬山,INSERT,OBSERVATION,5bef87e2-0218-446a-bf93-836436050c49,,,,初回登録
a97241ea-9d5d-4537-bce6-3f9c8924aa21,2025-09-03 10:45:00,佐藤,INSERT,OBSERVATION,b143db38-55e6-40a3-9272-c35b3d127f88,,,,初回登録
584de333-fd29-49c4-a087-01ee3c899471,2025-09-03 10:45:00,鈴木,INSERT,OBSERVATION,0c04d278-7cbf-4a6f-9ef0-e9b0079d9106,,,,初回登録
eea921ed-cfc0-48a5-8fd9-d033ccbd168b,2025-09-03 9:00:00,鈴木,INSERT,OBSERVATION,f40a473e-b4a2-40b3-9e2d-208ca2199d99,,,,初回登録
73d40f2c-a7d5-42c6-8dcf-e0b55c9c682e,2025-09-03 9:30:00,田中,INSERT,OBSERVATION,fed58c9e-232b-4923-ac8b-3cee89aab755,,,,初回登録
83935b47-ec3d-4bf5-ac54-f7b1271a8adb,2025-09-03 9:30:00,鈴木,INSERT,OBSERVATION,d35d48f2-a129-487e-bded-6d19b6057534,,,,初回登録
ea0d48a0-f343-48b5-88da-ddd7c76d65a2,2025-09-03 9:30:00,田中,INSERT,OBSERVATION,87049ca4-8c4e-407e-ae8e-0b2fac1a881c,,,,初回登録
8a6957a1-af0b-4cff-9ebd-7b54e07b6a5d,2025-09-04 10:00:00,鈴木,INSERT,OBSERVATION,33c1df81-67f1-49b6-90ea-a827c3231c9d,,,,初回登録
a55fdebd-30a6-4914-80ed-3fc5a601c100,2025-09-04 10:15:00,鈴木,INSERT,OBSERVATION,e5935aed-8797-4f52-ad28-6b6c2fe1a5a8,,,,初回登録
ac375c4d-24be-40ca-b66c-6616ea83fffe,2025-09-04 10:15:00,犬山,INSERT,OBSERVATION,1da2fb7b-a1c0-4fa8-8319-8fab523d93a5,,,,初回登録
8ad500c6-84ae-402e-83d4-69a53335af0c,2025-09-04 10:30:00,山本,INSERT,OBSERVATION,afb11ea1-f5e8-4457-9266-dddc6d90bb01,,,,初回登録
3684ef1d-a0d5-42b9-b634-c94502bc9b6f,2025-09-04 10:30:00,山本,INSERT,OBSERVATION,82d1ce88-c5a0-41eb-a454-338e3367e9e3,,,,初回登録
f515fd4e-9f4a-49da-8be5-f34386be7f5d,2025-09-04 10:45:00,鈴木,INSERT,OBSERVATION,7786fd46-2c0e-4357-bb3c-55c981da1061,,,,初回登録
4b556f1d-5a1b-4b96-a3d5-8681ccf481df,2025-09-04 9:00:00,犬山,INSERT,OBSERVATION,5437ad9a-8423-4082-b0ba-daa9beb3c49e,,,,初回登録
709000b1-0d8d-4efe-9b96-3a21c3dac003,2025-09-04 9:00:00,佐藤,INSERT,OBSERVATION,dd565308-b3df-4a91-b7aa-1d826b8b0469,,,,初回登録
c82b9447-548e-4b46-9792-5ce9c408a64f,2025-09-04 9:45:00,鈴木,INSERT,OBSERVATION,780ea70a-fe0f-4357-b88f-155f05b5dddd,,,,初回登録
7ea4a896-f3a6-461e-acb2-9de60033c71b,2025-09-04 9:45:00,鈴木,INSERT,OBSERVATION,6915261f-2a03-401c-831b-b2ea02c47d21,,,,初回登録
60acddd3-ddbd-4494-9b26-a045aa4f364b,2025-09-05 10:00:00,山本,INSERT,OBSERVATION,616a17e7-82bf-4032-a297-6c76cfe56e4d,,,,初回登録
6062bf5c-265e-49a4-98aa-d87da23637e7,2025-09-05 10:15:00,佐藤,INSERT,OBSERVATION,1573ede3-7132-476d-891c-dc30edc0070e,,,,初回登録
94d6ad89-ad02-4c67-9856-d1d9c8a59309,2025-09-05 10:15:00,犬山,INSERT,OBSERVATION,342013f0-85f9-4b21-9493-f02183166b5c,,,,初回登録
37d90039-0867-488b-9866-53ef820e26a3,2025-09-05 10:30:00,鈴木,INSERT,OBSERVATION,128275bd-356f-4871-8513-777c6bdbfb87,,,,初回登録
7d4cb439-a48d-4815-a736-9b1a9a6e4367,2025-09-05 10:30:00,田中,INSERT,OBSERVATION,1116e998-ee3a-4782-a179-dac5c1032c9b,,,,初回登録
729189ab-5459-4497-906f-b495e76497dc,2025-09-05 12:10:00,田中,UPDATE,OBSERVATION,2ea2e86e-639d-4795-9853-a16703ecaa2b,rectal_temperature,40.0,39.8,再計測による修正
843561c8-205a-41eb-bc89-b470fdfd1cb1,2025-09-05 9:30:00,犬山,INSERT,OBSERVATION,87aa6ebf-ecd3-484f-8587-6e83faeb6e06,,,,初回登録
8a4307cc-350b-4603-9100-b9ea32386303,2025-09-05 9:30:00,佐藤,INSERT,OBSERVATION,edfbdba5-8e55-422a-bd89-b1a14e3e4393,,,,初回登録
a9fa5d62-434c-4fe8-be83-938f8fc301c3,2025-09-05 9:30:00,佐藤,INSERT,OBSERVATION,2ea2e86e-639d-4795-9853-a16703ecaa2b,,,,初回登録
f7c17083-cf63-4ddc-b641-3fd3beba27e4,2025-09-05 9:45:00,犬山,INSERT,OBSERVATION,436d34fd-dae8-4be1-9323-b40c2ba20986,,,,初回登録
7d0119db-3a3f-4e33-a047-e0631efc6079,2025-09-05 9:45:00,犬山,INSERT,OBSERVATION,8e66fb1f-9558-4c7f-a2b5-1d202cee61aa,,,,初回登録
480aa04a-e40b-4f89-b8be-33544225a777,2025-09-06 10:00:00,鈴木,INSERT,OBSERVATION,62294a1c-6286-4ac6-8b3d-c88a74997c32,,,,初回登録
85c2b794-9c2f-44a4-b826-c48ced78205d,2025-09-06 10:00:00,犬山,INSERT,OBSERVATION,9d43b31a-47ef-4cd9-91a4-c331847eb922,,,,初回登録
fae226a2-e19a-450a-a2f9-7350567e8852,2025-09-06 10:00:00,田中,INSERT,OBSERVATION,322de8e9-3a58-491e-b7bc-3f49502afc21,,,,初回登録
7ce02d5a-c6be-4d65-bff3-a17adf004f82,2025-09-06 10:15:00,山本,INSERT,OBSERVATION,dd9e7e71-8225-47fd-a126-a2e7845d781a,,,,初回登録
d064bc9b-0f5a-4d47-bd6f-50fb6a187b9c,2025-09-06 10:30:00,犬山,INSERT,OBSERVATION,750fdc00-12ba-42fc-916f-53935ffe1e8e,,,,初回登録
a7e231c2-2a4d-4ad1-8cb6-e1972a013eb4,2025-09-06 10:30:00,田中,INSERT,OBSERVATION,3c613d3b-1f98-48f9-ac4c-bd3498cc49d8,,,,初回登録
e3c792e7-be79-4ec9-b889-f1fccc46f029,2025-09-06 10:45:00,犬山,INSERT,OBSERVATION,8f7dd694-980a-4685-92ce-cfccbde59928,,,,初回登録
ea21519b-6402-41ea-9bac-2d29ffcb4c9f,2025-09-06 12:19:00,佐藤,UPDATE,OBSERVATION,322de8e9-3a58-491e-b7bc-3f49502afc21,rectal_temperature,39.4,39.5,記入ミス修正
a8bbbaac-9777-45a0-b562-5f3b9506832f,2025-09-06 14:33:00,田中,UPDATE,OBSERVATION,3c613d3b-1f98-48f9-ac4c-bd3498cc49d8,rectal_temperature,39.1,39.2,転記ミス修正
6de9e96c-9cd8-4817-ac8a-abe9bfa873b7,2025-09-06 9:00:00,佐藤,INSERT,OBSERVATION,b82859a1-acc4-4061-8ba6-12eeb493a9c0,,,,初回登録
1e93458e-b7fb-4aa0-966d-7a14a520f854,2025-09-06 9:30:00,犬山,INSERT,OBSERVATION,bd7a48f8-e98e-47ac-8412-12bb0b5e4078,,,,初回登録
2f6295bc-3c9b-4d3b-a6a1-7b8145810e1a,2025-09-06 9:45:00,佐藤,INSERT,OBSERVATION,8df7e525-b59a-40fb-8f6b-5d7644042fb8,,,,初回登録
1c17f517-9f7a-418e-a31e-9d1a6c6ed84b,2025-09-07 10:00:00,山本,INSERT,OBSERVATION,862dc688-ef86-4410-8561-a29accd4c85b,,,,初回登録
99561aea-91f1-4655-8771-798d2f967f56,2025-09-07 10:15:00,山本,INSERT,OBSERVATION,7fc38b61-dafc-4737-a3ff-0322bc1a3de9,,,,初回登録
710cdc96-44e4-4c4d-b1e4-afd0d035836b,2025-09-07 10:30:00,鈴木,INSERT,OBSERVATION,0c08b7b1-c01f-45f0-a0ca-1b4e67608410,,,,初回登録
30765d03-11b4-43ae-87b3-fb44a95fd7af,2025-09-07 10:30:00,田中,INSERT,OBSERVATION,84f4affc-b355-4d59-bb3a-d7f17978c8a9,,,,初回登録
ab55e6bf-bc9e-4c7f-9327-44819d55f9aa,2025-09-07 11:30:00,田中,UPDATE,OBSERVATION,862dc688-ef86-4410-8561-a29accd4c85b,rectal_temperature,39.0,39.1,小数点以下の記録漏れ修正
2ed4d674-3656-499b-ac28-faa9b8621e1c,2025-09-07 9:00:00,田中,INSERT,OBSERVATION,5398caca-44d6-4d45-9835-f66c1a6fcf34,,,,初回登録
05e11fdc-2707-41dd-88c8-57882d7d69de,2025-09-07 9:00:00,田中,INSERT,OBSERVATION,d8c7795b-ea10-4a9b-afee-7131acf62a7c,,,,初回登録
115d0eba-11a5-4265-a20d-ed5a4aef5117,2025-09-07 9:30:00,山本,INSERT,OBSERVATION,24ab785a-3ca1-4f4c-b3bb-6831d6eaf276,,,,初回登録
084779db-d907-4154-b185-06552f408dcc,2025-09-07 9:30:00,犬山,INSERT,OBSERVATION,07c5f9da-0869-4190-a090-31f9b5a84b65,,,,初回登録
57d4d53e-def0-4df9-a874-8778e4508353,2025-09-07 9:45:00,犬山,INSERT,OBSERVATION,c675a158-0c60-4b0a-b482-ba4a2173ad1a,,,,初回登録
eea528f0-de0f-47ba-8604-2da7fd21867d,2025-09-07 9:45:00,鈴木,INSERT,OBSERVATION,c80bd5be-aa26-453e-ac26-586d456cd38f,,,,初回登録
f6954fd4-5870-4a83-b7f9-0bbebe5bd18e,2025-09-08 10:00:00,佐藤,INSERT,OBSERVATION,fabb7f6f-ccda-4b7a-a4fd-81bac03f2c28,,,,初回登録
06b7feb1-4193-4713-80f9-687f5f53017d,2025-09-08 10:00:00,犬山,INSERT,OBSERVATION,4837aee6-4d85-425d-810a-5554275058cd,,,,初回登録
4a268509-4c2e-424f-b70c-b8cc7f14a017,2025-09-08 10:30:00,犬山,INSERT,OBSERVATION,78fe9a50-f1af-42c2-a1f6-b180ba75225a,,,,初回登録
320fd1db-67b7-47d7-805f-e69b79ad79be,2025-09-08 9:15:00,鈴木,INSERT,OBSERVATION,37cf3ba6-6683-4c44-9573-bd1388991513,,,,初回登録
b4401d72-8472-44a1-8309-02aa83cc1013,2025-09-08 9:15:00,鈴木,INSERT,OBSERVATION,d85ce82f-9e41-48ed-889d-71d689dab1a0,,,,初回登録
65d71ba7-7602-47f5-a6ae-724cd2643bbf,2025-09-08 9:30:00,鈴木,INSERT,OBSERVATION,4dc7d458-3e00-4871-af02-3c44a42ea72f,,,,初回登録
c12b2998-1d97-48b4-8fe7-c991d344aa41,2025-09-08 9:30:00,山本,INSERT,OBSERVATION,54634f70-c0d0-4700-a06d-792bfc55368e,,,,初回登録
37f34b93-68fc-4784-a60e-7c863b556895,2025-09-08 9:30:00,田中,INSERT,OBSERVATION,9969f614-48a7-4d8b-8d53-8ceaecce4b2f,,,,初回登録
b5a50876-e605-4ba5-8169-2a6a1653fbd7,2025-09-08 9:30:00,山本,INSERT,OBSERVATION,b818130b-2df0-4ccf-af08-e0154196894f,,,,初回登録
59162393-a7f3-44a5-a805-f442dad1e22e,2025-09-08 9:30:00,山本,INSERT,OBSERVATION,9fa10cc7-e859-4edc-8d1e-a29d5d7f2937,,,,初回登録
e0392312-5794-4024-97f4-0986c8d7e1ab,2025-09-09 10:30:00,犬山,INSERT,OBSERVATION,8d8a660f-32c7-4dd1-bef2-1d60d0d92aa2,,,,初回登録
c3494d8d-a9f5-434d-9e70-80d3eb7cd686,2025-09-09 10:45:00,鈴木,INSERT,OBSERVATION,06423ba9-bd4c-4068-a018-a32ac779246d,,,,初回登録
8960069c-3d1f-479d-a05c-95449ae26575,2025-09-09 10:45:00,鈴木,INSERT,OBSERVATION,5c1c071c-3229-4932-aeb0-de6be2aa7812,,,,初回登録
d6bea937-07e2-4870-9532-f804626a3fdf,2025-09-09 10:45:00,山本,INSERT,OBSERVATION,6bd6ede3-d032-4883-87e9-e0caee396058,,,,初回登録
e4cb0965-efd2-44c2-b282-ec764502b3f9,2025-09-09 10:45:00,犬山,INSERT,OBSERVATION,d6d3475d-59d5-4cd8-9c79-ce370951470e,,,,初回登録
925007fa-ab34-4bfa-9b3a-07e34efd779f,2025-09-09 10:45:00,鈴木,INSERT,OBSERVATION,a8cb328f-2a04-4efc-a83f-d3138f1e8da9,,,,初回登録
cd857510-e30b-49b5-8e7e-a52200400bce,2025-09-09 10:45:00,犬山,INSERT,OBSERVATION,2c50f118-bc6a-4466-a3ed-01e3fe022307,,,,初回登録
5d402703-0480-411f-8294-10f3d32689e4,2025-09-09 9:00:00,山本,INSERT,OBSERVATION,a22c0756-535a-4df4-9008-b31ddc331e3c,,,,初回登録
410145c6-8eeb-4213-b7f4-8c2bb7d17b34,2025-09-09 9:00:00,犬山,INSERT,OBSERVATION,21ee537a-c1c2-41ea-8534-bfef55d4018e,,,,初回登録
2d923fab-b624-4c53-8cc8-aec6489e9346,2025-09-09 9:45:00,田中,INSERT,OBSERVATION,76bdd7fc-6051-4831-a8ea-88f65d5311ef,,,,初回登録
185399bd-8225-48db-a8a7-aa0c0ec8eb68,2025-09-10 10:00:00,田中,INSERT,OBSERVATION,9d83de42-903e-41d7-8ac5-ea105791418b,,,,初回登録
5a6341cf-6c27-4459-bace-5e9259f18638,2025-09-10 10:30:00,犬山,INSERT,OBSERVATION,255c24ce-b42b-4233-b0ce-075f28b124f3,,,,初回登録
73dc4a81-6589-4596-b528-2744c66e1ffb,2025-09-10 10:30:00,佐藤,INSERT,OBSERVATION,7a14b5c1-ae0a-4d83-ba04-b6ab017c8bc8,,,,初回登録
949943bc-7651-4977-ba4a-e6b853c5ebca,2025-09-10 10:45:00,犬山,INSERT,OBSERVATION,2c1ad975-7ac4-4e7d-a40a-23da427c991d,,,,初回登録
972726aa-a98d-4027-84af-c67da3a95e62,2025-09-10 9:00:00,鈴木,INSERT,OBSERVATION,9bce1086-fcfe-41a7-8ee6-6bfdc6994051,,,,初回登録
6718a3d5-8cbd-406e-a277-7e703a28e4dd,2025-09-10 9:00:00,田中,INSERT,OBSERVATION,e320721b-c51e-4700-ba88-eefa9f57a4a7,,,,初回登録
7171d877-349c-4879-8ea3-5dbbb346bf0a,2025-09-10 9:15:00,犬山,INSERT,OBSERVATION,fc4a37a7-524b-41ba-a383-6ad3ea28afa4,,,,初回登録
0c774dfb-64aa-4530-bc27-870c167bc196,2025-09-10 9:15:00,山本,INSERT,OBSERVATION,b01a44a0-06ba-489e-94c4-7dd18b8c8d4c,,,,初回登録
bc0b6504-2de6-41c0-9f51-9adfaa36fa4a,2025-09-10 9:30:00,佐藤,INSERT,OBSERVATION,956d5cf1-7c62-481b-b04d-0ace5a620e2c,,,,初回登録
d8e6f4d4-5c37-445a-8c46-426601cdd711,2025-09-10 9:45:00,田中,INSERT,OBSERVATION,da2b0ecb-531c-41db-b63b-4a408bf21b60,,,,初回登録
0176608d-4196-4e0f-b3f6-07212a82ab27,2025-09-11 10:00:00,鈴木,INSERT,OBSERVATION,edef6177-29ad-4374-84b8-8f33d09613c7,,,,初回登録
e3b566e4-2e12-485e-a263-97d35a816c14,2025-09-11 10:15:00,鈴木,INSERT,OBSERVATION,53d30598-dc0e-4cdf-a1a7-acc3fd9dcb6b,,,,初回登録
b0e6e477-7904-4528-af60-c2ed51e6227f,2025-09-11 10:15:00,佐藤,INSERT,OBSERVATION,44410141-87ef-4ea6-905f-0aa8d752b4ca,,,,初回登録
621b596e-ccb7-459c-b3e5-9b2c5b820b85,2025-09-11 10:45:00,田中,INSERT,OBSERVATION,5ee5ea9d-f419-4a64-9157-85533c521901,,,,初回登録
e0a87a8b-6b46-407b-bd44-7afa890d301d,2025-09-11 9:00:00,犬山,INSERT,OBSERVATION,25b97d22-1d49-4d86-9e45-73ee9063cf6e,,,,初回登録
c68dd20b-ee7b-442a-a0f6-7de634e8b940,2025-09-11 9:15:00,山本,INSERT,OBSERVATION,38fe58d9-b539-4c5d-b615-83b9366a2c7b,,,,初回登録
c68bee59-5678-4694-8c88-0ccac7549dc1,2025-09-11 9:15:00,鈴木,INSERT,OBSERVATION,c698f42c-e51b-489d-9c36-f329fa602365,,,,初回登録
5ff849aa-3620-4fc2-8f2b-c5b58fe6e6ea,2025-09-11 9:30:00,犬山,INSERT,OBSERVATION,9d4f0e0c-5bfd-4278-a170-4fe673a48fe9,,,,初回登録
91dbc08f-9315-4d77-bbe8-becbc940d81b,2025-09-11 9:45:00,鈴木,INSERT,OBSERVATION,cbb04a02-c5a9-4eb6-81b8-4462abedf4fd,,,,初回登録
7c6538e7-d62e-43ea-bf04-083488be51d0,2025-09-11 9:45:00,田中,INSERT,OBSERVATION,ac82b3db-5264-4b53-8b04-34c7e5f1a35b,,,,初回登録
d5a684eb-8442-4d6c-950e-342364762e93,2025-09-12 10:00:00,山本,INSERT,OBSERVATION,d4c3e02b-74e5-4fcf-b965-9ddec72f8a23,,,,初回登録
51161836-ee0f-4ad8-9a9e-ffbfa456bb18,2025-09-12 10:15:00,鈴木,INSERT,OBSERVATION,3cc3fbbf-5b98-4b3f-beed-a8e4e0872f01,,,,初回登録
05ed90aa-bb99-4cb1-922b-b35119d58e76,2025-09-12 10:15:00,田中,INSERT,OBSERVATION,37bb2a38-c61e-44df-aa47-9ddfae23fbc8,,,,初回登録
33441f1a-ed70-480c-a548-3532b6f2d47c,2025-09-12 10:45:00,犬山,INSERT,OBSERVATION,0ce2e9bb-c572-4c21-8bca-e78ee4f314b8,,,,初回登録
180fba4b-be96-44ee-817a-811016948134,2025-09-12 10:45:00,犬山,INSERT,OBSERVATION,372c0679-54f2-475f-872c-a22d4795d47f,,,,初回登録
a2cb022d-f97e-4294-9364-00c6562c7d3a,2025-09-12 9:30:00,犬山,INSERT,OBSERVATION,8a57e578-e66b-489b-84e2-10d3c08dd3b3,,,,初回登録
e7573038-84fc-4d78-ba18-318c92c18c4f,2025-09-12 9:30:00,山本,INSERT,OBSERVATION,e90c155e-3ec0-4040-8f99-9f5d3370f3b8,,,,初回登録
6a9edfa9-18ff-4814-b25f-e23a0d9f60b7,2025-09-12 9:45:00,山本,INSERT,OBSERVATION,fe1abea1-9da8-42f9-88ee-cdeef28b9c72,,,,初回登録
8c07c8d1-554c-403c-ad69-66e5d0fb9ab5,2025-09-12 9:45:00,田中,INSERT,OBSERVATION,eddec68c-5f1a-4be4-a78a-869cfead890a,,,,初回登録
d7c6bfbd-df77-47e2-bae8-ef2d39a2d5be,2025-09-12 9:45:00,田中,INSERT,OBSERVATION,9b5dc98c-cd43-40a4-87d6-1ceb73242b42,,,,初回登録
e9ea7189-2c11-4d66-9a5b-cde52f8e50b4,2025-09-13 10:30:00,山本,INSERT,OBSERVATION,ba5ace6c-c05d-4b87-9c76-b139e3ffdb8c,,,,初回登録
a26861ed-d66e-4ddf-8f7f-ae514ee1d0ee,2025-09-13 10:45:00,田中,INSERT,OBSERVATION,d02def3a-2165-4595-b788-0a35623f0603,,,,初回登録
55e6bc1e-d017-4a7b-83c6-f73100edc234,2025-09-13 10:45:00,佐藤,INSERT,OBSERVATION,06eeea57-11e2-460e-af62-cd1c50b48090,,,,初回登録
db9fe8d2-7cb5-437f-a982-3af3e99d2cbc,2025-09-13 9:00:00,犬山,INSERT,OBSERVATION,400cfa6b-27eb-428f-b1dd-c7e4a1a665c3,,,,初回登録
eb619374-f7aa-46d9-b7e0-b1424bc9ffd9,2025-09-13 9:00:00,犬山,INSERT,OBSERVATION,bc5f5c0e-59e4-4d1a-8b77-59faed0332f0,,,,初回登録
d24a9df7-9f21-4b47-a714-6f594ecfa986,2025-09-13 9:15:00,佐藤,INSERT,OBSERVATION,82795ee5-d34b-4b50-a16f-71d4139e306f,,,,初回登録
a9a431ed-bd5e-4117-b589-ae763330648f,2025-09-13 9:15:00,田中,INSERT,OBSERVATION,6d939705-09eb-4e77-a01c-cee3938bc829,,,,初回登録
59b05273-5322-4bf2-9280-be14a0261db4,2025-09-13 9:15:00,山本,INSERT,OBSERVATION,1f790947-4217-4a52-b506-ccaa55430628,,,,初回登録
da025d4b-f5fb-4ea7-bfbb-8b63719e8412,2025-09-13 9:30:00,田中,INSERT,OBSERVATION,a71b66c4-4e1d-47d4-94be-17a0bbbe7ea0,,,,初回登録
6005af75-f984-4d13-9c30-6a9175d84498,2025-09-13 9:45:00,田中,INSERT,OBSERVATION,2b3c819c-0cc1-46a9-ac8b-702774776458,,,,初回登録
7a052469-9898-4634-93bf-5967f7bab593,2025-09-14 10:00:00,鈴木,INSERT,OBSERVATION,0bd24df8-89ea-4117-a73b-3d23f2a07c6d,,,,初回登録
3366effa-9c0c-4261-95b1-01b207a068fe,2025-09-14 10:15:00,山本,INSERT,OBSERVATION,d031f1af-5a83-4ac9-b455-69d154233f62,,,,初回登録
73122db4-883c-4f47-a42b-5cb016fb693b,2025-09-14 10:15:00,犬山,INSERT,OBSERVATION,9db32cb0-58f3-41dd-ab30-d68e19033877,,,,初回登録
9ef147a1-c5b5-48e6-94cc-8ed18d2b6ab4,2025-09-14 9:00:00,田中,INSERT,OBSERVATION,77118195-bd0c-458a-8011-bb5d8272c670,,,,初回登録
e6b3354e-04cf-4bf1-bd2a-4f9a631e90fb,2025-09-14 9:00:00,田中,INSERT,OBSERVATION,850fbed9-a9f8-46ee-bd85-fab84b2990c5,,,,初回登録
69d8407e-408a-494f-9d02-eb6212719afd,2025-09-14 9:30:00,佐藤,INSERT,OBSERVATION,b9b947f0-232b-4666-9f72-347efebd6ee1,,,,初回登録
0ffc3b32-b14b-4933-b950-9f6e3da389ad,2025-09-14 9:45:00,佐藤,INSERT,OBSERVATION,f8002294-3294-4675-9c66-57234d4c5454,,,,初回登録
8d7092dd-9c46-425f-bd44-c76db2eb3563,2025-09-14 9:45:00,佐藤,INSERT,OBSERVATION,d7979201-81a1-4200-8e59-b276c8f174e6,,,,初回登録
ed28f9b1-b445-4d9b-894a-85cd1c517d5b,2025-09-14 9:45:00,佐藤,INSERT,OBSERVATION,1cf48915-b468-4212-8704-cb16c878705d,,,,初回登録
5d60b1ff-1ab1-439e-99dc-bc51277c00a3,2025-09-14 9:45:00,犬山,INSERT,OBSERVATION,6c0861f8-366c-4611-a554-3fccc04b32f0,,,,初回登録
d255d452-e0d1-4db9-bbe8-e661e920c00c,2025-10-01 10:00:00,山本,INSERT,OBSERVATION,64de8e24-d08b-4443-a7a9-2cae15c024f4,,,,初回登録
5dd9868f-9a39-4535-9465-f1c19bacbb58,2025-10-01 10:15:00,佐藤,INSERT,OBSERVATION,5ac8ee23-841c-469a-ab15-2c446a290b86,,,,初回登録
6b55da7a-d4d9-4f1f-941a-97d90281f6d3,2025-10-01 10:30:00,田中,INSERT,OBSERVATION,51991f23-d9e7-4628-a19f-721a1fafd7f2,,,,初回登録
eedd5ebc-15e7-4e72-832f-6b7becf77030,2025-10-01 10:45:00,犬山,INSERT,OBSERVATION,917bb3aa-d2a0-43c1-9d07-6413e16ea7fd,,,,初回登録
66b3c416-5130-4ee1-88c7-7eaf4a221484,2025-10-01 9:00:00,佐藤,INSERT,OBSERVATION,9c4c734a-9cf6-4cb0-a672-81fb0614fe99,,,,初回登録
1ff77c5c-d323-4a36-aafb-af02ad1b5c8e,2025-10-01 9:00:00,犬山,INSERT,OBSERVATION,f2cc1987-a78f-4a57-8c82-221a46577524,,,,初回登録
9ed8c302-414b-4f41-8e81-2b0b6c7d74a1,2025-10-01 9:30:00,犬山,INSERT,OBSERVATION,1162e3eb-cf6b-4b07-9e1f-74fbc9403885,,,,初回登録
b994b25c-b3a4-4c26-ad33-f01041df38c3,2025-10-01 9:30:00,犬山,INSERT,OBSERVATION,e4d17dfd-a068-401f-be4f-4721848c2822,,,,初回登録
a8531f53-61f7-468e-b92f-f6b46ff892e9,2025-10-01 9:45:00,山本,INSERT,OBSERVATION,e9a5006e-3063-4c6f-affa-c5f86a5ca07e,,,,初回登録
f88e17ad-ddb4-4500-b691-1088913c3b16,2025-10-01 9:45:00,鈴木,INSERT,OBSERVATION,a5508cee-8a3e-478a-b9fe-ea371b2b4611,,,,初回登録
9a5645b4-890a-4ffe-8207-ccbfaffc9e86,2025-10-02 10:00:00,田中,INSERT,OBSERVATION,82f2a3a6-b28f-46de-82f8-d4bf47a3faf3,,,,初回登録
089fdbf6-a9f1-4507-a68c-3d01863efcf7,2025-10-02 10:00:00,田中,INSERT,OBSERVATION,7edd5be6-9128-42f7-8f70-074b3fcc9470,,,,初回登録
0030f2fd-cddb-45d1-9f11-979881316a91,2025-10-02 10:15:00,田中,INSERT,OBSERVATION,cb84ca72-6afb-4ec9-9a1f-74113590f57b,,,,初回登録
815639ba-2c63-476d-9b0f-bc8ed25d6719,2025-10-02 10:30:00,田中,INSERT,OBSERVATION,45c5ad9d-1743-423c-a222-9f270c71cf43,,,,初回登録
c9527eb3-eead-456d-b35b-2bb6f96083c2,2025-10-02 10:45:00,犬山,INSERT,OBSERVATION,7c155e70-b386-4ced-9d71-61f8ece27903,,,,初回登録
ae45e6de-f1ac-4042-9efa-da3e2d7a196e,2025-10-02 10:45:00,佐藤,INSERT,OBSERVATION,a9e52e60-0acc-433e-9b4d-0ccc93b234e7,,,,初回登録
262af0ed-c7fc-4076-809b-4c8829b81433,2025-10-02 10:45:00,田中,INSERT,OBSERVATION,e8a64847-bbdb-4eb1-9f67-68fa7a396b84,,,,初回登録
e9f30040-7b8a-495d-8cb6-bd9f915927f2,2025-10-02 9:00:00,山本,INSERT,OBSERVATION,8eb902f2-eca9-4ba3-a88b-ef54459caf98,,,,初回登録
75036045-2978-4bff-9b55-f43b3223318b,2025-10-02 9:30:00,犬山,INSERT,OBSERVATION,8e92d10d-9011-4891-9d17-7642f52b77c2,,,,初回登録
450db769-023a-4eaa-9fd9-89a6bab56522,2025-10-02 9:45:00,犬山,INSERT,OBSERVATION,bc09fbfe-1ac3-418e-94ab-7dfb31e75fad,,,,初回登録
6d836ed3-1e35-4c0f-a5c0-66b0a3e0b83e,2025-10-03 10:00:00,鈴木,INSERT,OBSERVATION,59f20acb-242c-4ff7-b7bf-6bcd678b5ff3,,,,初回登録
233924fd-f01c-4d0a-b158-dd3ee86da84d,2025-10-03 10:00:00,田中,INSERT,OBSERVATION,1bcf3f2f-9a2b-44f9-beec-ffca83caefc3,,,,初回登録
66e61ba6-873b-458c-8c30-48badf7ac8b6,2025-10-03 9:00:00,犬山,INSERT,OBSERVATION,65a05d16-a5e6-477d-bf49-49e0a1932166,,,,初回登録
7efd50d8-b1ff-4066-b901-d419463c430b,2025-10-03 9:00:00,鈴木,INSERT,OBSERVATION,c4b4b36d-ea02-4574-8541-bcba7dfeda9a,,,,初回登録
6a5c68ee-4ad8-432a-8cfa-abfffd7d500b,2025-10-03 9:00:00,山本,INSERT,OBSERVATION,14c482e5-0525-42f6-80ea-e245f8fcbef5,,,,初回登録
33eae7cb-6058-483e-9a60-46877d8975a5,2025-10-03 9:15:00,鈴木,INSERT,OBSERVATION,5a1a25d3-08bc-436c-bda3-a079fddd7021,,,,初回登録
0d0faebf-add3-41ab-b60b-cb97a3afce41,2025-10-03 9:15:00,犬山,INSERT,OBSERVATION,571e6cfe-6d6d-4216-8b29-d6e2275f2235,,,,初回登録
83e9c4e9-b6af-4bcd-9232-917d3fd08532,2025-10-03 9:30:00,佐藤,INSERT,OBSERVATION,18069d2b-d9a1-4dd9-bf48-987eb7c72981,,,,初回登録
ffff24de-277b-458f-a995-e4fd67d5c529,2025-10-03 9:30:00,山本,INSERT,OBSERVATION,6a7b34cb-f19f-4637-8373-99c06c2a8e46,,,,初回登録
e1a3856d-5ff1-47a4-aece-63deb75523b5,2025-10-03 9:45:00,田中,INSERT,OBSERVATION,69952dbd-c464-4854-aeb5-65c47932ed39,,,,初回登録
1cd3b05b-15a0-40c0-8183-458b95631c27,2025-10-04 10:00:00,犬山,INSERT,OBSERVATION,93468270-e7aa-4266-aadc-51378f29fce6,,,,初回登録
587e0aef-8805-46ad-b10e-d29041c24f2f,2025-10-04 10:00:00,山本,INSERT,OBSERVATION,a7121b6e-36df-4c9e-91c8-42b01a9d7cad,,,,初回登録
2d6797c2-54bf-4620-af31-9232ffd49f65,2025-10-04 10:15:00,犬山,INSERT,OBSERVATION,0537e589-7465-4551-85ef-e542449ed7f4,,,,初回登録
d40c27f1-ec11-443a-8d2c-98f376a61608,2025-10-04 10:45:00,佐藤,INSERT,OBSERVATION,7c0b9a4a-36db-48d9-acd2-cf11cc80ecbc,,,,初回登録
12e8a933-ce01-4d92-b876-43d900dec9e4,2025-10-04 10:45:00,山本,INSERT,OBSERVATION,170cbef5-c036-4777-8650-90b75a648bad,,,,初回登録
6c6cc979-e2e1-4414-a962-9d26820d426e,2025-10-04 9:00:00,佐藤,INSERT,OBSERVATION,6ec8ef0a-c164-4324-8e02-ef826264b281,,,,初回登録
b29dfb9f-7472-44cd-a1b3-7c44601a13bd,2025-10-04 9:00:00,田中,INSERT,OBSERVATION,132dc969-aa55-4aa1-bc39-a57aef91bc83,,,,初回登録
27a7bea4-cc66-4476-9914-380e1009937a,2025-10-04 9:15:00,田中,INSERT,OBSERVATION,d524c4c3-2579-4563-bd3d-287445b956fb,,,,初回登録
84c47cd2-5863-421f-8097-8cb544973728,2025-10-04 9:15:00,佐藤,INSERT,OBSERVATION,cc523955-904d-4731-a393-818226faa2f0,,,,初回登録
e1c3fb13-5b7c-444f-8adf-7dcf61a61587,2025-10-04 9:45:00,鈴木,INSERT,OBSERVATION,dbb903d1-e8ea-4316-aa1f-f17efdd2b82b,,,,初回登録
b4a77976-40bd-41cd-b88e-b2d24a8181e1,2025-10-05 10:00:00,山本,INSERT,OBSERVATION,e20f9a7d-2fcb-45a3-9f5c-ce75961c153f,,,,初回登録
706e7dec-8ccb-4987-84e6-1ee47081f024,2025-10-05 10:15:00,犬山,INSERT,OBSERVATION,32d47701-2a40-435f-8d6b-7391be754575,,,,初回登録
6bd0ac93-5cb4-4797-9fa8-ba85145266c7,2025-10-05 10:15:00,鈴木,INSERT,OBSERVATION,26014d92-546e-4c7b-bcbf-d5e406dbc747,,,,初回登録
a976e402-f3ba-4a59-8558-ad61ee09bd26,2025-10-05 10:15:00,佐藤,INSERT,OBSERVATION,507e2142-51e6-4543-8a9c-f1b0d6652542,,,,初回登録
ffced384-0a43-4d0f-aa20-ec663656c458,2025-10-05 10:45:00,犬山,INSERT,OBSERVATION,5c75504d-9713-43f8-a128-b961c0adbc8b,,,,初回登録
d8ac27f4-4541-48de-951a-3c1b5ee75219,2025-10-05 10:45:00,鈴木,INSERT,OBSERVATION,7cf1e9a0-0946-4a20-9836-b1fd5dd83427,,,,初回登録
aa62e1fa-2de2-4fcf-a6be-db4937cb5ddd,2025-10-05 10:45:00,田中,INSERT,OBSERVATION,c221734a-d54b-455a-a10b-3f9455c41964,,,,初回登録
35e6bbd7-8260-422f-9d45-ccf9afefa9b2,2025-10-05 9:00:00,犬山,INSERT,OBSERVATION,ac50f4c4-f998-48f5-bdd5-cd45207be9b8,,,,初回登録
a09337e6-769d-4ccb-8341-4b3e7c5cbb11,2025-10-05 9:45:00,鈴木,INSERT,OBSERVATION,91a09bc6-eaf0-4868-9845-ac88bd4b615f,,,,初回登録
fc437a4a-0c9c-48e4-abe7-5c496e6f8ead,2025-10-05 9:45:00,犬山,INSERT,OBSERVATION,848868a4-6d6d-41df-b63b-a8e6a7779974,,,,初回登録
adc06b67-8060-47d8-a08e-5db7597b0cac,2025-10-06 10:00:00,田中,INSERT,OBSERVATION,2c8d6643-a6e6-4d13-b6e7-ac533c39be1c,,,,初回登録
37988d50-d828-4737-add2-cbfe4734c909,2025-10-06 10:15:00,鈴木,INSERT,OBSERVATION,f50a0843-5752-431b-b4ce-127b7d6fc94f,,,,初回登録
1a3fada8-941d-4c76-bb90-8f555ef61aa8,2025-10-06 10:30:00,佐藤,INSERT,OBSERVATION,d7d424a3-29e7-4ecb-bab2-e18368678b56,,,,初回登録
b6478cfb-be3d-477b-b688-b22a77dcea3e,2025-10-06 10:30:00,鈴木,INSERT,OBSERVATION,cb336596-cc33-4597-815e-1422f09f60f3,,,,初回登録
4f7a7929-410e-4776-ae15-fb70e20d41fb,2025-10-06 10:30:00,山本,INSERT,OBSERVATION,eb760d96-a7f9-4cbf-bb2a-ef816b506484,,,,初回登録
47991305-61d4-44cf-b497-b7cdfcf5c958,2025-10-06 10:45:00,山本,INSERT,OBSERVATION,0131b365-dd0a-49c5-98f7-79d749dbbb2b,,,,初回登録
45746c57-bb87-479f-93cb-74870e8bfc6b,2025-10-06 9:00:00,山本,INSERT,OBSERVATION,1d560fe0-3fce-42af-b35f-12de6965d0e5,,,,初回登録
55ed98a7-8871-4c56-9678-97fa17908edc,2025-10-06 9:15:00,山本,INSERT,OBSERVATION,86249687-decb-4cdc-8c9a-5f2b8fe48c3a,,,,初回登録
61c2c7d3-5e5b-4d85-a33c-d84ccbf45f55,2025-10-06 9:30:00,佐藤,INSERT,OBSERVATION,a5aa6636-cf88-4a89-8b2e-0dfdea840040,,,,初回登録
95d965eb-1622-430f-b8d2-2b8979b06edc,2025-10-06 9:30:00,鈴木,INSERT,OBSERVATION,fe4bc9f1-1840-4b62-9c5c-6414945d890d,,,,初回登録
e65a8dae-834d-4ec5-b195-55a537169e3c,2025-10-07 10:00:00,田中,INSERT,OBSERVATION,cf1ca61f-d1b3-4bfe-9ec9-69b5495949a9,,,,初回登録
88a8f389-39de-4611-abbb-d64928564108,2025-10-07 10:15:00,佐藤,INSERT,OBSERVATION,3b0794d5-6dbc-4ba5-9dc6-080c4d2ceb17,,,,初回登録
20cd14ab-4183-4f64-a92d-1a6c21237d68,2025-10-07 10:30:00,田中,INSERT,OBSERVATION,184581b5-d8c2-4cc1-9229-6be8148da65b,,,,初回登録
65465349-abd6-44f1-a05e-44f5f0ad0daa,2025-10-07 10:30:00,犬山,INSERT,OBSERVATION,9995a0f4-eb57-4fb5-abbc-89764ff44f81,,,,初回登録
82fc9403-f60d-4957-9f56-804f18d8e8d6,2025-10-07 9:00:00,鈴木,INSERT,OBSERVATION,77fed0b3-afe5-4f04-971d-df5f97129d58,,,,初回登録
79f163bb-5d0b-46ce-b81f-57f46d9bdea2,2025-10-07 9:00:00,犬山,INSERT,OBSERVATION,9136adcf-7f83-4885-a243-9f745a488305,,,,初回登録
0bc31701-6ca8-4026-a0ad-a21e0616b450,2025-10-07 9:15:00,犬山,INSERT,OBSERVATION,ab15608c-5533-48cd-88d0-22e292d0080e,,,,初回登録
e93483da-c134-47db-9c34-5c9901d07a11,2025-10-07 9:30:00,山本,INSERT,OBSERVATION,a10cb593-2e6d-4b03-9397-3b983afb02d7,,,,初回登録
e7278e27-5b84-45d6-b770-ddf999e44187,2025-10-07 9:45:00,佐藤,INSERT,OBSERVATION,b7093560-b2a4-4f23-b088-798298bf0385,,,,初回登録
c37e41be-2096-4627-be79-a77fc2ca575a,2025-10-07 9:45:00,犬山,INSERT,OBSERVATION,d85d6905-82c7-420a-8d68-8460e1371cdd,,,,初回登録
f929de49-0051-4273-9a54-2c350cd50b11,2025-10-08 10:00:00,犬山,INSERT,OBSERVATION,cdbad072-2f5b-437b-9f41-f20d68d90ddd,,,,初回登録
10c798c3-971c-4cc3-bddc-abced4b3ee07,2025-10-08 10:30:00,鈴木,INSERT,OBSERVATION,fad7515f-bba6-40fa-a1b8-fbff99eda585,,,,初回登録
6fc5a0d2-5e9c-440c-b272-690e628e199f,2025-10-08 10:45:00,犬山,INSERT,OBSERVATION,c1ddf601-836d-4aea-b966-6674a5e48a7f,,,,初回登録
c6ad9e49-c6cc-4b02-afa0-e53dafa13dc9,2025-10-08 13:11:00,鈴木,UPDATE,OBSERVATION,40cb6809-08b3-48bb-89c3-c529f6852a5a,rectal_temperature,39.8,39.7,小数点以下の記録漏れ修正
7a7d7acb-9116-48f5-a854-ecc23b749459,2025-10-08 15:22:00,犬山,UPDATE,OBSERVATION,7bda1047-21e0-4345-a3eb-3d42804d8551,appetite,2,1,再計測による修正
54ba0c07-d58b-47bb-957c-595bf9ab95be,2025-10-08 9:00:00,犬山,INSERT,OBSERVATION,40cb6809-08b3-48bb-89c3-c529f6852a5a,,,,初回登録
5afacf47-05b6-47d9-9ca8-500a48e4a0cb,2025-10-08 9:15:00,山本,INSERT,OBSERVATION,44305f0f-472a-471d-9fc5-0c9b68e7c6a0,,,,初回登録
887b9c45-baf4-4aba-a311-df98a51ace86,2025-10-08 9:30:00,山本,INSERT,OBSERVATION,8a2fd46c-885f-4f59-ba71-5addf3572a7e,,,,初回登録
fc979007-c376-4ee8-9e70-b46183de7ec6,2025-10-08 9:30:00,佐藤,INSERT,OBSERVATION,7bda1047-21e0-4345-a3eb-3d42804d8551,,,,初回登録
f9dcf9ad-b195-4dd5-9567-f9e777799ac1,2025-10-08 9:45:00,鈴木,INSERT,OBSERVATION,5ff81ff0-b306-40dd-954a-6945eef64177,,,,初回登録
59b2c25a-8a67-4fa9-a4f1-612ce5119376,2025-10-08 9:45:00,佐藤,INSERT,OBSERVATION,bb14645d-fac6-4c90-b2f1-97d27c1edbf5,,,,初回登録
d652e774-a32e-4296-bc99-119d23d9f1ca,2025-10-08 9:45:00,犬山,INSERT,OBSERVATION,5f6f0710-cd1f-4928-bdd6-5c2e4519683e,,,,初回登録
dbccf9ce-4c6f-42c9-85be-8e6cbf1046c4,2025-10-09 10:15:00,犬山,INSERT,OBSERVATION,5180e50d-981c-4c0c-8aad-83d5cfd94050,,,,初回登録
49eaf971-141b-4355-af3f-129ab0e82804,2025-10-09 10:45:00,鈴木,INSERT,OBSERVATION,bf84a357-e44f-4e07-99d8-8442585bb2aa,,,,初回登録
bb9bf16d-ad01-40a6-8627-3a7662c74225,2025-10-09 9:00:00,山本,INSERT,OBSERVATION,7556cbc2-40ce-4716-8b27-6fa315bb11c1,,,,初回登録
28237fdb-b892-492a-9642-a273ffdfc0fa,2025-10-09 9:00:00,山本,INSERT,OBSERVATION,9cd3279e-e0bc-45ad-b147-c20881c05afd,,,,初回登録
53136834-5dd9-4c69-aa24-3ff05d1fce1d,2025-10-09 9:30:00,田中,INSERT,OBSERVATION,1a944506-0ab3-4ecd-9842-e413ef2ebd86,,,,初回登録
2cd9ded6-a39e-40ee-8eae-bb3d21d8b80f,2025-10-09 9:30:00,山本,INSERT,OBSERVATION,89a6c344-afd1-4621-bfc9-509363603277,,,,初回登録
2248ca8f-ccd7-4df3-862d-5c1b597850cd,2025-10-09 9:45:00,犬山,INSERT,OBSERVATION,bbfbcaa1-ca0e-4b85-b309-adfe56517d17,,,,初回登録
88121b73-812c-4e87-a70d-55e106907575,2025-10-09 9:45:00,犬山,INSERT,OBSERVATION,03ca09a6-a970-43b5-a9ef-352de31af95b,,,,初回登録
46e7e336-7ada-4a4c-9444-91c56ae7e3fb,2025-10-09 9:45:00,犬山,INSERT,OBSERVATION,0ebbdb6f-b06e-4b83-bd10-6672aff4fce7,,,,初回登録
7fb65346-2dc4-4c7b-bd38-54e298f2f30f,2025-10-09 9:45:00,田中,INSERT,OBSERVATION,3d15d0d4-7bf1-474c-bf61-70c4c1f9d44c,,,,初回登録
86d4850a-3fcf-46f9-b242-614c310d3529,2025-10-10 10:00:00,佐藤,INSERT,OBSERVATION,15270768-01c6-4d55-bf9f-d57bf0fae957,,,,初回登録
4499b9ff-fedb-4e28-8766-43bf10613a34,2025-10-10 10:15:00,鈴木,INSERT,OBSERVATION,b5d6d8dc-8cf8-4b31-9183-78cbd994e201,,,,初回登録
8ec5bae9-9046-4dff-b848-bc957f2c7526,2025-10-10 10:15:00,鈴木,INSERT,OBSERVATION,d63ef9ea-256c-4d21-ae29-40dc62ec51bf,,,,初回登録
79d48c97-2ba4-4cde-8d02-110366106af7,2025-10-10 10:45:00,佐藤,INSERT,OBSERVATION,295a2f3e-e8cf-48e2-9f06-85b90f9f1319,,,,初回登録
da52934c-57bc-46cc-9ecd-c8f112ce55d0,2025-10-10 9:00:00,田中,INSERT,OBSERVATION,c309c69a-379b-4025-ae6b-7eaca5ebafcf,,,,初回登録
9321cad0-41b2-4242-829c-08db9aff42f8,2025-10-10 9:00:00,佐藤,INSERT,OBSERVATION,3ce8d322-5bb4-4786-8ebf-94871de363d1,,,,初回登録
3548158c-2de3-4ed5-8ecc-c62c96c275c0,2025-10-10 9:00:00,田中,INSERT,OBSERVATION,425bc5be-fa3b-47c8-9c26-b6961442ef86,,,,初回登録
b748fad9-977a-4c59-b87c-cb47ed7229cf,2025-10-10 9:15:00,田中,INSERT,OBSERVATION,43ee1eae-3085-4b12-9c5e-434ef434ae35,,,,初回登録
e950fc9c-c203-4ff3-83b8-615d1d505d72,2025-10-10 9:45:00,佐藤,INSERT,OBSERVATION,2a41564c-9c5b-4caf-bdb5-f0a93db1cf3b,,,,初回登録
19d60f91-9212-4e99-addf-458308ee77d4,2025-10-10 9:45:00,佐藤,INSERT,OBSERVATION,471f6626-51fe-45ec-8d69-0ead82200dd4,,,,初回登録
08a36443-e6dd-4779-b287-04ded46fd2db,2025-10-11 10:00:00,犬山,INSERT,OBSERVATION,042cf672-3aa3-4a7f-973e-1d135c6a5193,,,,初回登録
c67365fd-0420-4e98-a8c1-e448aec2e49b,2025-10-11 10:15:00,田中,INSERT,OBSERVATION,08fab611-3e53-4eea-a594-71234f50cc3b,,,,初回登録
20406765-27d8-4dfe-a592-fb1f72cea47e,2025-10-11 10:30:00,山本,INSERT,OBSERVATION,e9c34ca2-59ec-4008-a206-bc85b415aa09,,,,初回登録
df254ce7-bcde-44fc-a35f-64ad41635111,2025-10-11 9:00:00,佐藤,INSERT,OBSERVATION,fc4c9348-cf13-4b9c-9eb4-75173ae51956,,,,初回登録
a89e87b7-7f9a-4f8d-89e5-3255eb4283f6,2025-10-11 9:00:00,鈴木,INSERT,OBSERVATION,0e63ff41-8d70-4cbd-be58-75c9d09a9ebe,,,,初回登録
68ae0578-3455-4c42-b57f-32f9101504b4,2025-10-11 9:00:00,犬山,INSERT,OBSERVATION,7203cb2c-e37e-4812-b4be-7239051b2e73,,,,初回登録
b326e790-0058-467f-955f-9a77467813db,2025-10-11 9:15:00,山本,INSERT,OBSERVATION,e921d27c-f80e-426a-8b54-e9f676dbbc28,,,,初回登録
0c12990f-0c71-41e7-8a27-3698244699b7,2025-10-11 9:15:00,田中,INSERT,OBSERVATION,3ac90a2d-45ca-4e2b-bd95-ef3ac8513cdd,,,,初回登録
7ff87982-08a2-4b49-9d66-da229cbe2cd6,2025-10-11 9:30:00,鈴木,INSERT,OBSERVATION,63e5906b-3628-4282-a419-66e024820575,,,,初回登録
f50fe578-1d54-49f2-a5e8-8afc5a908329,2025-10-11 9:45:00,田中,INSERT,OBSERVATION,92864182-a173-49b7-aad8-64f204af8246,,,,初回登録
307a81e4-a53b-476b-805b-580b06fa80ca,2025-10-12 10:15:00,犬山,INSERT,OBSERVATION,adb96d1a-1304-4a20-a8f8-acc110161943,,,,初回登録
3a7e78c1-ff77-48db-b07d-66fcdbbf16f6,2025-10-12 10:15:00,犬山,INSERT,OBSERVATION,a4e8cda4-f4e0-42cc-9c2e-2975375e718b,,,,初回登録
51644e3d-adfe-42e8-9b4b-c56c7021342c,2025-10-12 10:45:00,田中,INSERT,OBSERVATION,3b589beb-ebf6-444a-9d2e-a28b1cce8a3e,,,,初回登録
eb0fe3ce-5db2-4510-8643-5d3b179fa68e,2025-10-12 10:45:00,犬山,INSERT,OBSERVATION,06e21871-1531-4d8f-9430-86b52b2631a1,,,,初回登録
8539fd96-6cf6-454e-80d8-d816ada3a189,2025-10-12 9:00:00,犬山,INSERT,OBSERVATION,7b31500b-ffc9-4d0a-9641-ef7ccc1d11a5,,,,初回登録
ea923576-492e-4f94-b827-9ca904ec6ad6,2025-10-12 9:15:00,犬山,INSERT,OBSERVATION,496e628c-18d6-41d3-b8f2-211fee5a38b1,,,,初回登録
d5a28e29-0f50-4166-a7af-22c4cde31604,2025-10-12 9:15:00,佐藤,INSERT,OBSERVATION,5b26c799-ce7e-485a-8045-b1d9360bd362,,,,初回登録
6ebf542d-3e2e-4a9d-aac8-055a6714029b,2025-10-12 9:30:00,山本,INSERT,OBSERVATION,4590b20c-e284-4d17-86e3-cb8b8b0e3c30,,,,初回登録
7de1c916-ee0d-406a-8b0f-e2f8d15e5382,2025-10-12 9:30:00,山本,INSERT,OBSERVATION,702eb5bb-ad3c-4fa7-a9ea-0f2dc69a74ef,,,,初回登録
d11f70b8-49a4-4d90-9b57-a2e5a0f83bbb,2025-10-12 9:30:00,犬山,INSERT,OBSERVATION,ca337e89-3ea2-4647-9d2c-31327c629e1a,,,,初回登録
8fe5c829-9fa1-4153-8551-1846022f7cdd,2025-10-13 10:15:00,犬山,INSERT,OBSERVATION,95055e88-d64c-406e-9d87-6956a97491cd,,,,初回登録
03d79581-f005-4b3e-be8a-eb3e8dad2375,2025-10-13 10:15:00,犬山,INSERT,OBSERVATION,fbfb7439-b6b2-4bab-bd1b-a18a9e22240b,,,,初回登録
79bb5c9c-8916-4eea-9880-8987bcb5b9ce,2025-10-13 10:30:00,田中,INSERT,OBSERVATION,5669bda0-e9f0-48d0-881c-f679e6543eb1,,,,初回登録
3c45eac5-b1c3-4bb8-bd5b-bb95b8c8af43,2025-10-13 10:30:00,鈴木,INSERT,OBSERVATION,e52c73f1-2cbe-4d6f-8abf-1d3696708bea,,,,初回登録
e4e7bad1-b2a6-472b-af1b-0d224903cc5b,2025-10-13 10:30:00,鈴木,INSERT,OBSERVATION,a7554208-2413-47e5-b971-3394cc8f1af0,,,,初回登録
38637157-766e-4a67-a03e-b3743a223c4c,2025-10-13 9:00:00,鈴木,INSERT,OBSERVATION,0bba33b3-c73d-48f9-8665-8672e5daf7ce,,,,初回登録
5aed7f3a-5e92-4259-8e91-8dc1701e741c,2025-10-13 9:00:00,犬山,INSERT,OBSERVATION,110c35d7-8168-4c06-aa1d-debe50cf8c2d,,,,初回登録
3b89eed8-e922-465e-880a-27d1073e427b,2025-10-13 9:15:00,山本,INSERT,OBSERVATION,54746f81-1ef5-4b58-9c73-776aa177c2fc,,,,初回登録
9f15214b-bb58-45fb-b275-55d5d0ceb072,2025-10-13 9:45:00,山本,INSERT,OBSERVATION,ce369b7a-22b2-4175-8c46-03f33867d39e,,,,初回登録
2377f554-8f5e-4064-9d90-1b64e0bb6ec8,2025-10-13 9:45:00,田中,INSERT,OBSERVATION,4b1219b3-51b8-40d3-940c-3a5f930a4b46,,,,初回登録
d770a476-4a01-4c0a-b9a4-d139bf1c79e9,2025-10-14 10:00:00,犬山,INSERT,OBSERVATION,b827bc29-4334-45ad-96c7-445f2750fccf,,,,初回登録
53a8c4a5-67a8-45e9-8ecb-ef194b6d51f3,2025-10-14 10:00:00,山本,INSERT,OBSERVATION,3255e804-1ff0-459e-891d-5dc9e06faa2e,,,,初回登録
a6dc7743-53e4-4819-bb1b-b7edcf63f881,2025-10-14 10:15:00,犬山,INSERT,OBSERVATION,1a729860-df8a-41bb-92ed-13d0d9c8e43a,,,,初回登録
45405bfd-4a00-40ab-8997-8c2e4c368982,2025-10-14 10:30:00,犬山,INSERT,OBSERVATION,2a7b4659-30b4-44e9-b7c0-377af551d8e2,,,,初回登録
8457d7eb-b34f-4cb3-add8-1f19ec07bdf2,2025-10-14 10:30:00,山本,INSERT,OBSERVATION,74e5a264-7b45-41ae-906b-f098b73b8797,,,,初回登録
6a365973-b762-4afc-9996-b813a5596d1c,2025-10-14 10:30:00,佐藤,INSERT,OBSERVATION,73a1b9fd-8e78-4cfd-bec3-94cc73402b72,,,,初回登録
5afa3f8e-20aa-4870-939c-9457b7699379,2025-10-14 10:30:00,佐藤,INSERT,OBSERVATION,221f762f-65d0-4daa-99e7-28f4fd390c11,,,,初回登録
03e8591a-07f7-48a6-a0f3-c5f2d59e0ac2,2025-10-14 9:00:00,鈴木,INSERT,OBSERVATION,07e28448-11ee-4115-ba9c-f70efc7415c2,,,,初回登録
83fc429b-c448-4af4-ab62-0128d75752bc,2025-10-14 9:00:00,田中,INSERT,OBSERVATION,bff4c6ba-7db0-4ef0-bb9a-eea946167d3c,,,,初回登録
5fe0bd9a-0a5c-4bde-a326-c1fae1a44d68,2025-10-14 9:15:00,犬山,INSERT,OBSERVATION,8f333faf-d57f-4b8f-be6c-874a775faa85,,,,初回登録
5cd1b4a1-7bf4-4cae-b31f-f7c01cb0b3e5,2025-11-01 10:00:00,佐藤,INSERT,OBSERVATION,aa5a1f2b-aeb3-43e6-a199-dfaaed62b635,,,,初回登録
54384636-7b5a-41f6-904f-66155cd9593c,2025-11-01 10:00:00,佐藤,INSERT,OBSERVATION,40e0c10e-c871-4cd8-ae38-8dd28d87d086,,,,初回登録
e3488581-3e34-477f-ac6b-935acad7b2a0,2025-11-01 10:15:00,鈴木,INSERT,OBSERVATION,8ca2ea04-fac7-4e2d-8ccd-49860088ef20,,,,初回登録
55b92e2a-d9a9-48c7-8230-8bd409753c49,2025-11-01 10:30:00,犬山,INSERT,OBSERVATION,52eece39-34d8-46af-b743-1195c19ca342,,,,初回登録
3866fe8f-6dce-415f-83f8-7f420937241e,2025-11-01 10:45:00,佐藤,INSERT,OBSERVATION,c05d3f74-3a83-40da-9e3d-ac09d1c492ea,,,,初回登録
4dbeea73-14d9-40bd-82f1-e2e7a3c7090d,2025-11-01 9:00:00,鈴木,INSERT,OBSERVATION,8f969aa9-cb4d-42a9-b87b-129d69b00db1,,,,初回登録
651f8479-dd8e-4cf7-a56e-b5b560e1de3e,2025-11-01 9:15:00,鈴木,INSERT,OBSERVATION,587e4274-0e0c-4b4e-adb7-c5582449d0c5,,,,初回登録
41c2e3c7-0a6b-482d-a28a-53a9e920f51f,2025-11-01 9:30:00,佐藤,INSERT,OBSERVATION,16cf5035-cb16-4c81-9ff4-27746456df41,,,,初回登録
29d468d6-1b8a-41f8-9d91-7305968222d4,2025-11-02 10:00:00,犬山,INSERT,OBSERVATION,2acb4192-b3d0-49a7-b9a1-e363070ab215,,,,初回登録
fc4f5b4b-a9d9-4395-947e-342382f33929,2025-11-02 10:00:00,鈴木,INSERT,OBSERVATION,ca81649c-48e7-4789-8917-e1644f94f742,,,,初回登録
3663fb4c-d8a7-4171-bcaa-ab97bfae5488,2025-11-02 10:15:00,田中,INSERT,OBSERVATION,b342db13-bae6-4466-9eaf-61eba9215965,,,,初回登録
1bc9ebd6-a151-4e7e-b5d4-dc3c81b4b31b,2025-11-02 10:15:00,犬山,INSERT,OBSERVATION,e9f36d0a-1d1e-4312-82af-7fa1f8120cdf,,,,初回登録
2eb6c40d-2bc3-4f27-b654-655816b37524,2025-11-02 10:15:00,山本,INSERT,OBSERVATION,d6e01b95-6681-465e-93b9-be8c938f9cc1,,,,初回登録
5d6e28d4-54a3-46e0-9b7e-ecabac2191e6,2025-11-02 10:45:00,鈴木,INSERT,OBSERVATION,37fc55bf-d508-4c14-873e-28ef417b19bd,,,,初回登録
bf0b3fe8-e6e7-49b4-9dca-316a3fec5e74,2025-11-02 9:00:00,田中,INSERT,OBSERVATION,1edfbfd4-6a1a-4aa3-ba59-e39416421b3b,,,,初回登録
34b7564a-0e49-4852-ab90-e9d94f39dd21,2025-11-02 9:45:00,鈴木,INSERT,OBSERVATION,12542171-bf74-4cf7-b900-b40db8c67534,,,,初回登録
d3398470-4f5d-4eec-8726-e469d969573a,2025-11-03 10:15:00,佐藤,INSERT,OBSERVATION,dbc754e9-9aad-42c3-9741-b1435255d449,,,,初回登録
c492fad5-ef85-4b9c-b9e3-4fd65fa3940a,2025-11-03 10:15:00,山本,INSERT,OBSERVATION,e46b57ee-6581-40ea-bd2c-f902ce416066,,,,初回登録
706768ae-4432-4010-8afc-4cebb64be090,2025-11-03 10:45:00,鈴木,INSERT,OBSERVATION,ed24ef7a-3c6b-4f7f-ac09-b20ef905fba4,,,,初回登録
5cbe01d2-bc82-4be3-965f-8009b9564abc,2025-11-03 9:00:00,犬山,INSERT,OBSERVATION,aef28afd-5abb-4879-b346-9a8a3f23e104,,,,初回登録
1944845f-098f-492b-bb1e-6652d1edce06,2025-11-03 9:00:00,山本,INSERT,OBSERVATION,165496e2-a814-436e-9083-c7c8f644d59e,,,,初回登録
a678d750-62a5-4b2b-bf5f-b3d0e30c785b,2025-11-03 9:45:00,佐藤,INSERT,OBSERVATION,fd556cb9-6215-4743-9eba-c1006393e14c,,,,初回登録
4ebd6322-b1b9-47bd-9da0-cb2c9ddd7b7a,2025-11-03 9:45:00,犬山,INSERT,OBSERVATION,c6ef8fb0-f8a4-48e6-9f80-840bb35c5fc0,,,,初回登録
f50aded0-d818-4944-92e5-7bc7c3cd07fa,2025-11-03 9:45:00,犬山,INSERT,OBSERVATION,d0ccb2f1-baa6-4f6a-85c8-5904d79f69d5,,,,初回登録
bfaf4476-4d2e-4824-a492-6e5a97a0ecc3,2025-11-04 10:00:00,鈴木,INSERT,OBSERVATION,bd1feddc-97ab-419f-95fd-70958427c021,,,,初回登録
77cc528d-c832-40a6-bce0-922bb8905148,2025-11-04 10:30:00,佐藤,INSERT,OBSERVATION,90211955-4377-4947-b257-db944dc18193,,,,初回登録
40c3e244-076a-4ca4-b853-bdaa5a3f9800,2025-11-04 10:45:00,鈴木,INSERT,OBSERVATION,b4f11d94-0bc1-40a6-aee4-1eff0f7fe2bf,,,,初回登録
dbccafbd-f904-4653-8526-36660e074d9e,2025-11-04 9:00:00,鈴木,INSERT,OBSERVATION,e977c413-1fb6-4b7b-94e3-6484cfcadc6d,,,,初回登録
6baf5222-af14-4d69-ba21-1cb8aa446e3f,2025-11-04 9:15:00,田中,INSERT,OBSERVATION,1c5bcbd4-c70c-41f1-ba0d-569e98058701,,,,初回登録
0f640664-908b-4d05-9586-9775795566b8,2025-11-04 9:15:00,佐藤,INSERT,OBSERVATION,e17c17b0-bc61-4743-bce8-f4b1a69a877f,,,,初回登録
6a24f97d-b86f-4d69-ad04-f80cbb1320d9,2025-11-04 9:15:00,山本,INSERT,OBSERVATION,5f2dca80-8802-4ea4-9869-881ad006a451,,,,初回登録
af11278f-6ef7-4064-b1a4-4e3a104b3522,2025-11-04 9:30:00,犬山,INSERT,OBSERVATION,2a7b63ae-9e6b-4932-b166-2060d8d764c8,,,,初回登録
fdcbcab4-e354-4ab1-9943-5aa56a6c74ef,2025-11-05 10:00:00,山本,INSERT,OBSERVATION,fb1e525f-dcaa-4c9b-90ef-f7abc1713328,,,,初回登録
f0e32098-c542-424e-9647-5ce28fcbb37e,2025-11-05 10:15:00,犬山,INSERT,OBSERVATION,49445f74-58d0-47d6-b956-d90252ef1f0e,,,,初回登録
73f50041-d5c7-421f-8d80-5687368d136b,2025-11-05 10:15:00,犬山,INSERT,OBSERVATION,172ae876-ea36-4047-a9fa-3e6881db7279,,,,初回登録
6e8240e5-dde1-43d4-b926-a52fe9beb080,2025-11-05 9:00:00,犬山,INSERT,OBSERVATION,7cc95074-3eee-4c7e-8aea-72d6e0cce870,,,,初回登録
5b687df9-3856-423a-9571-40fd23103799,2025-11-05 9:15:00,佐藤,INSERT,OBSERVATION,9d20cb41-a825-498c-93d0-47cac0fd0787,,,,初回登録
5973bf0f-2e59-4b40-88b8-129f496a91b1,2025-11-05 9:15:00,田中,INSERT,OBSERVATION,d0eee95b-e7f1-42d9-b718-5d8297391621,,,,初回登録
58f77dbe-4494-4181-a5b3-77eb47e0457b,2025-11-05 9:30:00,犬山,INSERT,OBSERVATION,bf4b6797-a5c0-423d-827c-a7d69f21b6e9,,,,初回登録
82a74627-6073-4226-92b7-01275d7828a4,2025-11-05 9:30:00,山本,INSERT,OBSERVATION,de83befa-3922-4889-b10f-ba8847d40576,,,,初回登録
0aadf4df-b730-409d-af29-2c18124249df,2025-11-06 10:00:00,鈴木,INSERT,OBSERVATION,c0ac98aa-61ab-487e-bdab-a7b44d4411a1,,,,初回登録
8e96db78-048f-436a-a48a-8299aace1c7b,2025-11-06 10:45:00,佐藤,INSERT,OBSERVATION,33abcc35-5026-45ad-be68-c3b3f12f8a7f,,,,初回登録
5f95d19e-f7c8-45ed-9914-ebc30be196f4,2025-11-06 10:45:00,山本,INSERT,OBSERVATION,556c1526-b01c-49d5-b68a-0403abb36dc8,,,,初回登録
9d0e5114-dd1a-4f7b-87e1-10bb5c239b24,2025-11-06 10:45:00,犬山,INSERT,OBSERVATION,da8c35df-3fee-487c-a77d-871c677b7fab,,,,初回登録
52c91487-7bb3-4a53-9e94-5b16be729ffe,2025-11-06 10:45:00,田中,INSERT,OBSERVATION,f44dbf38-97fb-4b19-bb05-e439b5d88a9a,,,,初回登録
151b5c16-1a42-4d0f-a5e4-970fbedafd76,2025-11-06 10:45:00,鈴木,INSERT,OBSERVATION,1442bd45-312b-46fa-ba6f-ae6732c24cbe,,,,初回登録
326ae4a4-84ae-4e94-b276-884ae019cc7c,2025-11-06 11:37:00,田中,UPDATE,OBSERVATION,2c134bee-12b7-41be-8cd6-b95eb1dc7f2b,rectal_temperature,39.5,39.3,記入ミス修正
6311b260-fa63-40a3-a497-bcc8e4460a26,2025-11-06 9:30:00,犬山,INSERT,OBSERVATION,2c134bee-12b7-41be-8cd6-b95eb1dc7f2b,,,,初回登録
25b6cf9e-2927-4fe7-bf7a-2865e122d681,2025-11-06 9:30:00,佐藤,INSERT,OBSERVATION,8d4f1ab2-291b-4b44-b356-039f674c125b,,,,初回登録
f9bb0518-2589-4673-8e63-af08c7087d9b,2025-11-07 10:00:00,鈴木,INSERT,OBSERVATION,3b8541c2-10a5-410b-bd91-a81fd5ec938f,,,,初回登録
9ab4e49a-196f-493c-a019-ec0630d74621,2025-11-07 10:30:00,犬山,INSERT,OBSERVATION,bd7f85cd-631e-44bf-b61a-2a7d79def86f,,,,初回登録
7f307bbd-8b7b-4f11-89be-860d3da8303f,2025-11-07 12:31:00,山本,UPDATE,OBSERVATION,d330527d-0fd1-4adc-828b-93d8955b58a1,appetite,2,1,確認者による修正
b2d72fa8-c3df-4260-a5ee-151152613bcc,2025-11-07 9:00:00,山本,INSERT,OBSERVATION,2b081653-1a66-463b-969b-6881d2f02fa9,,,,初回登録
5d0385d6-3e60-4b57-ae1c-2f03f5871695,2025-11-07 9:15:00,山本,INSERT,OBSERVATION,16e929f4-3ee0-4dd8-850e-ec685ec5f760,,,,初回登録
5b624e3c-ec3f-4d33-a57e-fef6f141e7ff,2025-11-07 9:15:00,山本,INSERT,OBSERVATION,9d675219-ea3b-40e7-89ad-04a220470841,,,,初回登録
2dbd1b87-c47d-42be-9843-6424192de58a,2025-11-07 9:15:00,山本,INSERT,OBSERVATION,d17d8eb8-95ac-4f54-b4a1-cd4e4861fec6,,,,初回登録
14dd8b9b-5d31-4b2e-aaba-19dfc211e576,2025-11-07 9:15:00,山本,INSERT,OBSERVATION,d330527d-0fd1-4adc-828b-93d8955b58a1,,,,初回登録
754cccef-e840-484e-8c08-ced1171a4414,2025-11-07 9:30:00,田中,INSERT,OBSERVATION,1921c79a-9859-438f-8df8-83a66ad8c295,,,,初回登録
0620a14a-2ea1-4bff-bd52-e3b43be83f34,2025-11-08 10:15:00,佐藤,INSERT,OBSERVATION,4dbab514-e677-448c-8d7d-8274a2038bc7,,,,初回登録
980431da-1cae-4967-ab7b-dcec851ed1fc,2025-11-08 10:45:00,田中,INSERT,OBSERVATION,b05bc20b-ae80-4271-ae9f-e10c144ca1d3,,,,初回登録
c5b04240-7e7f-425f-b06f-5e49864e340f,2025-11-08 10:45:00,犬山,INSERT,OBSERVATION,a3653434-1aa6-43fb-866a-603a6f9edcee,,,,初回登録
e7cdfb2b-80a4-4c33-b560-f0092c81d054,2025-11-08 10:45:00,田中,INSERT,OBSERVATION,73052b94-2fb9-445f-b7a2-9e26477aaeb6,,,,初回登録
613d572f-0363-4b88-a855-154358dddab9,2025-11-08 9:00:00,田中,INSERT,OBSERVATION,1eb485bf-6239-4cd1-a287-2594985115c5,,,,初回登録
65f3c87c-a8e9-406f-80fa-ca2d10fae50b,2025-11-08 9:30:00,田中,INSERT,OBSERVATION,5b8aecad-d07a-41c4-9450-5382ffbaf007,,,,初回登録
83f1b15c-913d-4cf1-8453-65b741d7f170,2025-11-08 9:30:00,田中,INSERT,OBSERVATION,0a548eb1-e709-4e35-8682-12acdefa1155,,,,初回登録
fb3bde79-d046-43c2-b7a9-89b7184ebdf8,2025-11-08 9:45:00,佐藤,INSERT,OBSERVATION,73cc3404-a20e-4192-b259-09e17b2d7c50,,,,初回登録
ec74911f-bdb8-4ee8-8de6-2afd145cecde,2025-11-09 10:00:00,犬山,INSERT,OBSERVATION,d26e8715-2129-4332-979e-c31eca248da0,,,,初回登録
bf4f6a43-3b67-4228-8011-674d47dd10bd,2025-11-09 10:15:00,田中,INSERT,OBSERVATION,ddd449ae-802a-4079-b678-842b2e4bab8b,,,,初回登録
c0cdb057-64a9-4a8a-8b27-0d574069d49c,2025-11-09 10:15:00,山本,INSERT,OBSERVATION,94617415-a1ce-480c-99a2-0f57fe296435,,,,初回登録
b2a9c4fa-6791-4929-b73a-cb803781bb10,2025-11-09 10:15:00,佐藤,INSERT,OBSERVATION,1d0d0730-7051-44d2-adbf-56d76353d7fd,,,,初回登録
63b04d06-8f50-43b7-bc49-5dd74ff1a828,2025-11-09 14:54:00,犬山,UPDATE,OBSERVATION,d26e8715-2129-4332-979e-c31eca248da0,rectal_temperature,39.1,39.2,記入ミス修正
1ae1bfce-f114-407c-8520-ed2298a5ab0c,2025-11-09 9:15:00,山本,INSERT,OBSERVATION,e15576ba-fa04-4b05-afa3-0403dabed5eb,,,,初回登録
3cc3669f-883b-4698-b6b8-d7a2727699f3,2025-11-09 9:45:00,田中,INSERT,OBSERVATION,121c85d6-cd5f-4a3a-90a9-0ed676393925,,,,初回登録
28a284e9-c267-408d-875b-c9dd105910c0,2025-11-09 9:45:00,山本,INSERT,OBSERVATION,7a96dbfc-6b87-410b-9420-8f7cbd9be9a2,,,,初回登録
39fc8070-51ba-4b47-b6a7-53de7110fcc8,2025-11-09 9:45:00,山本,INSERT,OBSERVATION,c4711855-ba99-4e7a-8267-3f10d5971965,,,,初回登録
cc97e82c-8aa9-49d8-936a-c093a1d003b6,2025-11-10 10:00:00,鈴木,INSERT,OBSERVATION,578b026b-fd24-4237-ac0b-5ad76998e18e,,,,初回登録
a8f8553f-eddb-4a56-ae23-41b4d10a9509,2025-11-10 10:15:00,犬山,INSERT,OBSERVATION,b61c9907-9cfb-4950-bd52-e6c219ddf696,,,,初回登録
ebffc3f3-e2d1-4404-92ac-3c3849d516e2,2025-11-10 10:15:00,鈴木,INSERT,OBSERVATION,326175e9-9b51-4d2d-8b71-f3e4278a711f,,,,初回登録
5fb54beb-2f0a-4f8b-b97c-4bd359c45078,2025-11-10 10:30:00,田中,INSERT,OBSERVATION,de6c3fa9-067e-4fef-a110-d805ee779963,,,,初回登録
d8285b28-367e-4ee3-9145-add54cd90dad,2025-11-10 11:33:00,田中,UPDATE,OBSERVATION,578b026b-fd24-4237-ac0b-5ad76998e18e,rectal_temperature,39.0,38.8,再計測による修正
32f1c72f-3b80-47d6-a878-74ed44ca9a37,2025-11-10 13:14:00,鈴木,UPDATE,OBSERVATION,1e08660b-8cf2-4be3-80c3-dbe7ab34d3ed,appetite,1,0,再計測による修正
ec2cdb41-b851-4f71-a252-41891685d680,2025-11-10 9:00:00,山本,INSERT,OBSERVATION,1e08660b-8cf2-4be3-80c3-dbe7ab34d3ed,,,,初回登録
470947b1-9c8c-4462-a86c-53aa30abff8b,2025-11-10 9:00:00,鈴木,INSERT,OBSERVATION,0c9e92f6-9065-4d27-90c4-c2532188b1f2,,,,初回登録
ccd3a3ae-60a4-4c75-8dca-9f5005e99031,2025-11-10 9:15:00,鈴木,INSERT,OBSERVATION,f1710abe-8301-4038-9eda-24a93daba448,,,,初回登録
bf109759-9e88-40c5-bc3a-ed3424b1be10,2025-11-10 9:15:00,鈴木,INSERT,OBSERVATION,570c5a74-2358-487c-aad7-7abe1fab2b92,,,,初回登録
9dca6589-e1dc-4c58-9f3f-619267628b88,2025-11-11 10:00:00,田中,INSERT,OBSERVATION,8eea074a-ed56-4874-93fb-9fefcd8a4606,,,,初回登録
e84a8c89-fba6-4e14-9ed2-1d6b41aac75f,2025-11-11 10:00:00,山本,INSERT,OBSERVATION,25532c0c-05e7-4cb1-92f1-745e776e3a40,,,,初回登録
0731510d-1850-49e3-b786-858bb97befdb,2025-11-11 10:15:00,鈴木,INSERT,OBSERVATION,ecd309f2-b43a-4b21-9906-3cfc404f2197,,,,初回登録
08b67027-c751-44ff-b88d-a1173c660b9c,2025-11-11 9:15:00,犬山,INSERT,OBSERVATION,35ff6d93-1627-46e6-8251-44272adb3e98,,,,初回登録
fd1ef488-3a69-48d4-952c-736552899b3d,2025-11-11 9:15:00,鈴木,INSERT,OBSERVATION,9e016438-d215-49f4-a726-0e0237321810,,,,初回登録
4c483d8a-a4c9-49aa-9a9e-84d4a7dd2710,2025-11-11 9:15:00,犬山,INSERT,OBSERVATION,793c7983-db10-4610-83ca-1b40626bf54d,,,,初回登録
f23a0985-6404-4544-a225-d9b06cf3db4e,2025-11-11 9:30:00,田中,INSERT,OBSERVATION,0360e5e7-a82d-4959-8aa4-579d0651487b,,,,初回登録
b355f9b0-709f-43d6-990a-af7852416393,2025-11-11 9:45:00,鈴木,INSERT,OBSERVATION,f1c54f0c-0eb4-43a5-a404-f7307a485631,,,,初回登録
cb128c3d-fbeb-4bb1-8164-679587efa270,2025-11-12 10:00:00,田中,INSERT,OBSERVATION,d7d530dc-8eb6-4319-8f10-0cc1aa958fdc,,,,初回登録
d237a9c6-fe40-474e-b195-c926185320f5,2025-11-12 10:30:00,山本,INSERT,OBSERVATION,7ad03855-eafa-4f4b-8d6b-e0bf1e83c53d,,,,初回登録
59dec1d3-5ffb-491f-baaf-ea614d336662,2025-11-12 10:30:00,犬山,INSERT,OBSERVATION,a4a61063-28fd-4e31-9c4c-fb2de7b39121,,,,初回登録
34ff9186-9310-4a12-a95a-ad70d379a3ce,2025-11-12 10:30:00,鈴木,INSERT,OBSERVATION,a0a9e5f5-ed63-4820-8728-c40e3015cce5,,,,初回登録
734191fb-269d-461f-890e-6ad4f6a73ead,2025-11-12 10:45:00,佐藤,INSERT,OBSERVATION,073708a0-152f-4f13-962d-bc7f39163cd3,,,,初回登録
f57b2f64-0a21-4bba-9681-5a7863d61977,2025-11-12 9:15:00,犬山,INSERT,OBSERVATION,eff4f56e-923e-42c7-aad2-f668879faba9,,,,初回登録
9d45d7ca-7562-49e4-85f8-db2e3079afa5,2025-11-12 9:15:00,鈴木,INSERT,OBSERVATION,98fb261d-9225-4a99-b3b4-0c9015295651,,,,初回登録
09aba325-7618-4a79-9c38-94636c4c8f0d,2025-11-12 9:15:00,田中,INSERT,OBSERVATION,ab0334e3-f9cb-49cd-a0e4-e24a9c6a0f74,,,,初回登録
19673fac-6d45-41b2-ada9-ed181273e02e,2025-11-13 10:15:00,佐藤,INSERT,OBSERVATION,f8e32424-0a13-4f87-be08-6ba949f86b96,,,,初回登録
a5318efb-575d-4e1f-8573-0e745fed47e2,2025-11-13 10:30:00,佐藤,INSERT,OBSERVATION,6e5fa365-dd61-4d71-959a-910c18803f03,,,,初回登録
f72dcd61-ca50-4286-ada5-5fd4d4db618d,2025-11-13 9:00:00,山本,INSERT,OBSERVATION,6325cc84-a5d9-4ddb-b015-4ecd635829e3,,,,初回登録
1a41a275-8d63-4f2f-9ce3-44934c0c4ccc,2025-11-13 9:15:00,犬山,INSERT,OBSERVATION,4713a823-b51a-4f4d-ab57-2c9d55e27488,,,,初回登録
d355ba88-2271-467c-ac5c-82e5b1fd68d9,2025-11-13 9:30:00,山本,INSERT,OBSERVATION,fa66dcc1-79e5-460f-a4ee-e047d4def7bf,,,,初回登録
933d8ec0-c04a-4ecc-91e1-22b1a02e7028,2025-11-13 9:45:00,佐藤,INSERT,OBSERVATION,a4624b6b-26a5-4217-a2f1-d3d9eb9215cf,,,,初回登録
60a0ac93-cc09-46f2-9645-23ab84da9439,2025-11-13 9:45:00,田中,INSERT,OBSERVATION,ad0a018d-e4f6-4356-b998-042adc448732,,,,初回登録
590dcbb5-4e33-4345-bf69-a9f5fd7b46cc,2025-11-13 9:45:00,田中,INSERT,OBSERVATION,9c41a262-1a3b-4349-8000-8829739cb267,,,,初回登録
d0008cb1-c8ce-4297-bc20-f1a0f54e7248,2025-11-14 10:00:00,犬山,INSERT,OBSERVATION,b90915e0-f516-4ee4-b493-ab400c9e4f4d,,,,初回登録
f45a1422-b66a-4370-9eaa-b117ba6e8912,2025-11-14 10:00:00,佐藤,INSERT,OBSERVATION,d8356232-8545-4ae9-a19e-9646d4c06b3d,,,,初回登録
34443cdb-59eb-45c1-9f91-77c8ef68a940,2025-11-14 10:00:00,佐藤,INSERT,OBSERVATION,8cbbe7d2-821e-4c01-8d7b-1a92255743d3,,,,初回登録
ba562ebb-9bc6-4d91-ae1b-cb20499406fe,2025-11-14 10:15:00,佐藤,INSERT,OBSERVATION,05138921-9817-4b47-a23f-c10650fe4f91,,,,初回登録
3d94fa4a-3e93-4380-9303-3109ba63859e,2025-11-14 10:15:00,山本,INSERT,OBSERVATION,4c32701c-b947-4965-92d6-514ba30b739c,,,,初回登録
beda619a-d064-4d6f-ac3c-756a2d78e48a,2025-11-14 10:30:00,鈴木,INSERT,OBSERVATION,c9151bc0-018e-4a3e-83d8-5e05892c2ea7,,,,初回登録
3e5d616e-2536-4051-b428-8595116c5777,2025-11-14 9:30:00,佐藤,INSERT,OBSERVATION,a573306e-30e4-4209-9c19-1dc5fd88e401,,,,初回登録
fdb8b024-49c2-4433-93d5-4c745d0374b5,2025-11-14 9:45:00,田中,INSERT,OBSERVATION,5d1674fe-72ca-40c4-b040-af18dcfa315a,,,,初回登録
