observation_id,image_path
afb11ea1-f5e8-4457-9266-dddc6d90bb01,images/D-003_day03_dehydration.png
afb11ea1-f5e8-4457-9266-dddc6d90bb01,images/D-003_day03_nasal_discharge.png
128275bd-356f-4871-8513-777c6bdbfb87,images/D-003_day04_dehydration.png
128275bd-356f-4871-8513-777c6bdbfb87,images/D-003_day04_nasal_discharge.png
24ab785a-3ca1-4f4c-b3bb-6831d6eaf276,images/D-005_day06_dehydration.png
436d34fd-dae8-4be1-9323-b40c2ba20986,images/D-006_day04_vomiting.png
62294a1c-6286-4ac6-8b3d-c88a74997c32,images/D-006_day05_dehydration.png
62294a1c-6286-4ac6-8b3d-c88a74997c32,images/D-006_day05_nasal_discharge.png
62294a1c-6286-4ac6-8b3d-c88a74997c32,images/D-006_day05_conjunctivitis.png
d8c7795b-ea10-4a9b-afee-7131acf62a7c,images/D-006_day06_vomiting.png
d8c7795b-ea10-4a9b-afee-7131acf62a7c,images/D-006_day06_coughing.png
d8c7795b-ea10-4a9b-afee-7131acf62a7c,images/D-006_day06_dehydration.png
d8c7795b-ea10-4a9b-afee-7131acf62a7c,images/D-006_day06_nasal_discharge.png
d8c7795b-ea10-4a9b-afee-7131acf62a7c,images/D-006_day06_lacrimation.png
9969f614-48a7-4d8b-8d53-8ceaecce4b2f,images/D-006_day07_vomiting.png
9969f614-48a7-4d8b-8d53-8ceaecce4b2f,images/D-006_day07_coughing.png
9969f614-48a7-4d8b-8d53-8ceaecce4b2f,images/D-006_day07_dehydration.png
9969f614-48a7-4d8b-8d53-8ceaecce4b2f,images/D-006_day07_nasal_discharge.png
9969f614-48a7-4d8b-8d53-8ceaecce4b2f,images/D-006_day07_conjunctivitis.png
21ee537a-c1c2-41ea-8534-bfef55d4018e,images/D-006_day08_vomiting.png
21ee537a-c1c2-41ea-8534-bfef55d4018e,images/D-006_day08_coughing.png
21ee537a-c1c2-41ea-8534-bfef55d4018e,images/D-006_day08_dehydration.png
21ee537a-c1c2-41ea-8534-bfef55d4018e,images/D-006_day08_nasal_discharge.png
21ee537a-c1c2-41ea-8534-bfef55d4018e,images/D-006_day08_conjunctivitis.png
2c1ad975-7ac4-4e7d-a40a-23da427c991d,images/D-006_day09_coughing.png
2c1ad975-7ac4-4e7d-a40a-23da427c991d,images/D-006_day09_respiratory_abnormal.png
2c1ad975-7ac4-4e7d-a40a-23da427c991d,images/D-006_day09_dehydration.png
2c1ad975-7ac4-4e7d-a40a-23da427c991d,images/D-006_day09_nasal_discharge.png
9d4f0e0c-5bfd-4278-a170-4fe673a48fe9,images/D-006_day10_respiratory_abnormal.png
9d43b31a-47ef-4cd9-91a4-c331847eb922,images/D-007_day05_coughing.png
9d43b31a-47ef-4cd9-91a4-c331847eb922,images/D-007_day05_dehydration.png
9d43b31a-47ef-4cd9-91a4-c331847eb922,images/D-007_day05_nasal_discharge.png
7fc38b61-dafc-4737-a3ff-0322bc1a3de9,images/D-007_day06_vomiting.png
7fc38b61-dafc-4737-a3ff-0322bc1a3de9,images/D-007_day06_coughing.png
7fc38b61-dafc-4737-a3ff-0322bc1a3de9,images/D-007_day06_dehydration.png
7fc38b61-dafc-4737-a3ff-0322bc1a3de9,images/D-007_day06_nasal_discharge.png
b818130b-2df0-4ccf-af08-e0154196894f,images/D-007_day07_coughing.png
b818130b-2df0-4ccf-af08-e0154196894f,images/D-007_day07_dehydration.png
b818130b-2df0-4ccf-af08-e0154196894f,images/D-007_day07_nasal_discharge.png
8d8a660f-32c7-4dd1-bef2-1d60d0d92aa2,images/D-007_day08_dehydration.png
e320721b-c51e-4700-ba88-eefa9f57a4a7,images/D-007_day09_respiratory_abnormal.png
e320721b-c51e-4700-ba88-eefa9f57a4a7,images/D-007_day09_dehydration.png
bd7a48f8-e98e-47ac-8412-12bb0b5e4078,images/D-008_day05_vomiting.png
bd7a48f8-e98e-47ac-8412-12bb0b5e4078,images/D-008_day05_dehydration.png
bd7a48f8-e98e-47ac-8412-12bb0b5e4078,images/D-008_day05_nasal_discharge.png
07c5f9da-0869-4190-a090-31f9b5a84b65,images/D-008_day06_coughing.png
07c5f9da-0869-4190-a090-31f9b5a84b65,images/D-008_day06_dehydration.png
07c5f9da-0869-4190-a090-31f9b5a84b65,images/D-008_day06_nasal_discharge.png
9fa10cc7-e859-4edc-8d1e-a29d5d7f2937,images/D-008_day07_coughing.png
9fa10cc7-e859-4edc-8d1e-a29d5d7f2937,images/D-008_day07_dehydration.png
9fa10cc7-e859-4edc-8d1e-a29d5d7f2937,images/D-008_day07_nasal_discharge.png
a8cb328f-2a04-4efc-a83f-d3138f1e8da9,images/D-008_day08_vomiting.png
a8cb328f-2a04-4efc-a83f-d3138f1e8da9,images/D-008_day08_coughing.png
a8cb328f-2a04-4efc-a83f-d3138f1e8da9,images/D-008_day08_dehydration.png
a8cb328f-2a04-4efc-a83f-d3138f1e8da9,images/D-008_day08_nasal_discharge.png
a8cb328f-2a04-4efc-a83f-d3138f1e8da9,images/D-008_day08_eye_discharge.png
a8cb328f-2a04-4efc-a83f-d3138f1e8da9,images/D-008_day08_conjunctivitis.png
956d5cf1-7c62-481b-b04d-0ace5a620e2c,images/D-008_day09_dehydration.png
956d5cf1-7c62-481b-b04d-0ace5a620e2c,images/D-008_day09_nasal_discharge.png
1da2fb7b-a1c0-4fa8-8319-8fab523d93a5,images/D-009_day03_nasal_discharge.png
2ea2e86e-639d-4795-9853-a16703ecaa2b,images/D-009_day04_vomiting.png
2ea2e86e-639d-4795-9853-a16703ecaa2b,images/D-009_day04_dehydration.png
2ea2e86e-639d-4795-9853-a16703ecaa2b,images/D-009_day04_nasal_discharge.png
dd9e7e71-8225-47fd-a126-a2e7845d781a,images/D-009_day05_vomiting.png
dd9e7e71-8225-47fd-a126-a2e7845d781a,images/D-009_day05_coughing.png
dd9e7e71-8225-47fd-a126-a2e7845d781a,images/D-009_day05_dehydration.png
dd9e7e71-8225-47fd-a126-a2e7845d781a,images/D-009_day05_nasal_discharge.png
dd9e7e71-8225-47fd-a126-a2e7845d781a,images/D-009_day05_lacrimation.png
84f4affc-b355-4d59-bb3a-d7f17978c8a9,images/D-009_day06_coughing.png
84f4affc-b355-4d59-bb3a-d7f17978c8a9,images/D-009_day06_dehydration.png
84f4affc-b355-4d59-bb3a-d7f17978c8a9,images/D-009_day06_nasal_discharge.png
84f4affc-b355-4d59-bb3a-d7f17978c8a9,images/D-009_day06_lacrimation.png
84f4affc-b355-4d59-bb3a-d7f17978c8a9,images/D-009_day06_conjunctivitis.png
4837aee6-4d85-425d-810a-5554275058cd,images/D-009_day07_vomiting.png
4837aee6-4d85-425d-810a-5554275058cd,images/D-009_day07_coughing.png
4837aee6-4d85-425d-810a-5554275058cd,images/D-009_day07_dehydration.png
4837aee6-4d85-425d-810a-5554275058cd,images/D-009_day07_nasal_discharge.png
4837aee6-4d85-425d-810a-5554275058cd,images/D-009_day07_conjunctivitis.png
2c50f118-bc6a-4466-a3ed-01e3fe022307,images/D-009_day08_respiratory_abnormal.png
2c50f118-bc6a-4466-a3ed-01e3fe022307,images/D-009_day08_dehydration.png
2c50f118-bc6a-4466-a3ed-01e3fe022307,images/D-009_day08_nasal_discharge.png
2c50f118-bc6a-4466-a3ed-01e3fe022307,images/D-009_day08_conjunctivitis.png
fc4a37a7-524b-41ba-a383-6ad3ea28afa4,images/D-009_day09_respiratory_abnormal.png
fc4a37a7-524b-41ba-a383-6ad3ea28afa4,images/D-009_day09_dehydration.png
322de8e9-3a58-491e-b7bc-3f49502afc21,images/D-010_day05_vomiting.png
322de8e9-3a58-491e-b7bc-3f49502afc21,images/D-010_day05_dehydration.png
322de8e9-3a58-491e-b7bc-3f49502afc21,images/D-010_day05_nasal_discharge.png
c80bd5be-aa26-453e-ac26-586d456cd38f,images/D-010_day06_dehydration.png
c80bd5be-aa26-453e-ac26-586d456cd38f,images/D-010_day06_nasal_discharge.png
c80bd5be-aa26-453e-ac26-586d456cd38f,images/D-010_day06_conjunctivitis.png
d85ce82f-9e41-48ed-889d-71d689dab1a0,images/D-010_day07_vomiting.png
d85ce82f-9e41-48ed-889d-71d689dab1a0,images/D-010_day07_coughing.png
d85ce82f-9e41-48ed-889d-71d689dab1a0,images/D-010_day07_dehydration.png
d85ce82f-9e41-48ed-889d-71d689dab1a0,images/D-010_day07_nasal_discharge.png
d85ce82f-9e41-48ed-889d-71d689dab1a0,images/D-010_day07_eye_discharge.png
d85ce82f-9e41-48ed-889d-71d689dab1a0,images/D-010_day07_conjunctivitis.png
76bdd7fc-6051-4831-a8ea-88f65d5311ef,images/D-010_day08_coughing.png
76bdd7fc-6051-4831-a8ea-88f65d5311ef,images/D-010_day08_dehydration.png
76bdd7fc-6051-4831-a8ea-88f65d5311ef,images/D-010_day08_nasal_discharge.png
76bdd7fc-6051-4831-a8ea-88f65d5311ef,images/D-010_day08_eye_discharge.png
76bdd7fc-6051-4831-a8ea-88f65d5311ef,images/D-010_day08_conjunctivitis.png
b01a44a0-06ba-489e-94c4-7dd18b8c8d4c,images/D-010_day09_vomiting.png
b01a44a0-06ba-489e-94c4-7dd18b8c8d4c,images/D-010_day09_coughing.png
b01a44a0-06ba-489e-94c4-7dd18b8c8d4c,images/D-010_day09_dehydration.png
b01a44a0-06ba-489e-94c4-7dd18b8c8d4c,images/D-010_day09_nasal_discharge.png
b01a44a0-06ba-489e-94c4-7dd18b8c8d4c,images/D-010_day09_eye_discharge.png
b01a44a0-06ba-489e-94c4-7dd18b8c8d4c,images/D-010_day09_conjunctivitis.png
5ee5ea9d-f419-4a64-9157-85533c521901,images/D-010_day10_coughing.png
5ee5ea9d-f419-4a64-9157-85533c521901,images/D-010_day10_respiratory_abnormal.png
5ee5ea9d-f419-4a64-9157-85533c521901,images/D-010_day10_dehydration.png
5ee5ea9d-f419-4a64-9157-85533c521901,images/D-010_day10_nasal_discharge.png
d7d424a3-29e7-4ecb-bab2-e18368678b56,images/D-101_day05_nasal_discharge.png
77fed0b3-afe5-4f04-971d-df5f97129d58,images/D-101_day06_coughing.png
77fed0b3-afe5-4f04-971d-df5f97129d58,images/D-101_day06_nasal_discharge.png
0131b365-dd0a-49c5-98f7-79d749dbbb2b,images/D-106_day05_nasal_discharge.png
9995a0f4-eb57-4fb5-abbc-89764ff44f81,images/D-106_day06_dehydration.png
9995a0f4-eb57-4fb5-abbc-89764ff44f81,images/D-106_day06_nasal_discharge.png
9995a0f4-eb57-4fb5-abbc-89764ff44f81,images/D-106_day06_conjunctivitis.png
bb14645d-fac6-4c90-b2f1-97d27c1edbf5,images/D-106_day07_vomiting.png
bb14645d-fac6-4c90-b2f1-97d27c1edbf5,images/D-106_day07_coughing.png
bb14645d-fac6-4c90-b2f1-97d27c1edbf5,images/D-106_day07_dehydration.png
bb14645d-fac6-4c90-b2f1-97d27c1edbf5,images/D-106_day07_nasal_discharge.png
bb14645d-fac6-4c90-b2f1-97d27c1edbf5,images/D-106_day07_eye_discharge.png
bb14645d-fac6-4c90-b2f1-97d27c1edbf5,images/D-106_day07_conjunctivitis.png
0ebbdb6f-b06e-4b83-bd10-6672aff4fce7,images/D-106_day08_coughing.png
0ebbdb6f-b06e-4b83-bd10-6672aff4fce7,images/D-106_day08_dehydration.png
0ebbdb6f-b06e-4b83-bd10-6672aff4fce7,images/D-106_day08_nasal_discharge.png
0ebbdb6f-b06e-4b83-bd10-6672aff4fce7,images/D-106_day08_eye_discharge.png
0ebbdb6f-b06e-4b83-bd10-6672aff4fce7,images/D-106_day08_conjunctivitis.png
295a2f3e-e8cf-48e2-9f06-85b90f9f1319,images/D-106_day09_vomiting.png
295a2f3e-e8cf-48e2-9f06-85b90f9f1319,images/D-106_day09_coughing.png
295a2f3e-e8cf-48e2-9f06-85b90f9f1319,images/D-106_day09_dehydration.png
295a2f3e-e8cf-48e2-9f06-85b90f9f1319,images/D-106_day09_nasal_discharge.png
08fab611-3e53-4eea-a594-71234f50cc3b,images/D-106_day10_dehydration.png
08fab611-3e53-4eea-a594-71234f50cc3b,images/D-106_day10_nasal_discharge.png
e52c73f1-2cbe-4d6f-8abf-1d3696708bea,images/D-106_day12_respiratory_abnormal.png
c221734a-d54b-455a-a10b-3f9455c41964,images/D-107_day04_dehydration.png
c221734a-d54b-455a-a10b-3f9455c41964,images/D-107_day04_nasal_discharge.png
c221734a-d54b-455a-a10b-3f9455c41964,images/D-107_day04_conjunctivitis.png
2c8d6643-a6e6-4d13-b6e7-ac533c39be1c,images/D-107_day05_vomiting.png
2c8d6643-a6e6-4d13-b6e7-ac533c39be1c,images/D-107_day05_coughing.png
2c8d6643-a6e6-4d13-b6e7-ac533c39be1c,images/D-107_day05_dehydration.png
2c8d6643-a6e6-4d13-b6e7-ac533c39be1c,images/D-107_day05_nasal_discharge.png
2c8d6643-a6e6-4d13-b6e7-ac533c39be1c,images/D-107_day05_conjunctivitis.png
ab15608c-5533-48cd-88d0-22e292d0080e,images/D-107_day06_vomiting.png
ab15608c-5533-48cd-88d0-22e292d0080e,images/D-107_day06_coughing.png
ab15608c-5533-48cd-88d0-22e292d0080e,images/D-107_day06_dehydration.png
ab15608c-5533-48cd-88d0-22e292d0080e,images/D-107_day06_nasal_discharge.png
ab15608c-5533-48cd-88d0-22e292d0080e,images/D-107_day06_eye_discharge.png
ab15608c-5533-48cd-88d0-22e292d0080e,images/D-107_day06_conjunctivitis.png
40cb6809-08b3-48bb-89c3-c529f6852a5a,images/D-107_day07_dehydration.png
40cb6809-08b3-48bb-89c3-c529f6852a5a,images/D-107_day07_nasal_discharge.png
40cb6809-08b3-48bb-89c3-c529f6852a5a,images/D-107_day07_conjunctivitis.png
9cd3279e-e0bc-45ad-b147-c20881c05afd,images/D-107_day08_coughing.png
9cd3279e-e0bc-45ad-b147-c20881c05afd,images/D-107_day08_dehydration.png
9cd3279e-e0bc-45ad-b147-c20881c05afd,images/D-107_day08_nasal_discharge.png
9cd3279e-e0bc-45ad-b147-c20881c05afd,images/D-107_day08_conjunctivitis.png
f50a0843-5752-431b-b4ce-127b7d6fc94f,images/D-108_day05_dehydration.png
a10cb593-2e6d-4b03-9397-3b983afb02d7,images/D-108_day06_vomiting.png
a10cb593-2e6d-4b03-9397-3b983afb02d7,images/D-108_day06_dehydration.png
a10cb593-2e6d-4b03-9397-3b983afb02d7,images/D-108_day06_nasal_discharge.png
7bda1047-21e0-4345-a3eb-3d42804d8551,images/D-108_day07_vomiting.png
7bda1047-21e0-4345-a3eb-3d42804d8551,images/D-108_day07_coughing.png
7bda1047-21e0-4345-a3eb-3d42804d8551,images/D-108_day07_dehydration.png
7bda1047-21e0-4345-a3eb-3d42804d8551,images/D-108_day07_nasal_discharge.png
7bda1047-21e0-4345-a3eb-3d42804d8551,images/D-108_day07_conjunctivitis.png
bf84a357-e44f-4e07-99d8-8442585bb2aa,images/D-108_day08_coughing.png
bf84a357-e44f-4e07-99d8-8442585bb2aa,images/D-108_day08_dehydration.png
bf84a357-e44f-4e07-99d8-8442585bb2aa,images/D-108_day08_nasal_discharge.png
bf84a357-e44f-4e07-99d8-8442585bb2aa,images/D-108_day08_conjunctivitis.png
d63ef9ea-256c-4d21-ae29-40dc62ec51bf,images/D-108_day09_vomiting.png
d63ef9ea-256c-4d21-ae29-40dc62ec51bf,images/D-108_day09_coughing.png
d63ef9ea-256c-4d21-ae29-40dc62ec51bf,images/D-108_day09_dehydration.png
d63ef9ea-256c-4d21-ae29-40dc62ec51bf,images/D-108_day09_nasal_discharge.png
d63ef9ea-256c-4d21-ae29-40dc62ec51bf,images/D-108_day09_eye_discharge.png
d63ef9ea-256c-4d21-ae29-40dc62ec51bf,images/D-108_day09_conjunctivitis.png
e9c34ca2-59ec-4008-a206-bc85b415aa09,images/D-108_day10_dehydration.png
e9c34ca2-59ec-4008-a206-bc85b415aa09,images/D-108_day10_nasal_discharge.png
adb96d1a-1304-4a20-a8f8-acc110161943,images/D-108_day11_respiratory_abnormal.png
571e6cfe-6d6d-4216-8b29-d6e2275f2235,images/D-109_day02_vomiting.png
571e6cfe-6d6d-4216-8b29-d6e2275f2235,images/D-109_day02_dehydration.png
571e6cfe-6d6d-4216-8b29-d6e2275f2235,images/D-109_day02_nasal_discharge.png
dbb903d1-e8ea-4316-aa1f-f17efdd2b82b,images/D-109_day03_dehydration.png
dbb903d1-e8ea-4316-aa1f-f17efdd2b82b,images/D-109_day03_nasal_discharge.png
dbb903d1-e8ea-4316-aa1f-f17efdd2b82b,images/D-109_day03_lacrimation.png
dbb903d1-e8ea-4316-aa1f-f17efdd2b82b,images/D-109_day03_conjunctivitis.png
e20f9a7d-2fcb-45a3-9f5c-ce75961c153f,images/D-109_day04_vomiting.png
e20f9a7d-2fcb-45a3-9f5c-ce75961c153f,images/D-109_day04_coughing.png
e20f9a7d-2fcb-45a3-9f5c-ce75961c153f,images/D-109_day04_dehydration.png
e20f9a7d-2fcb-45a3-9f5c-ce75961c153f,images/D-109_day04_nasal_discharge.png
e20f9a7d-2fcb-45a3-9f5c-ce75961c153f,images/D-109_day04_conjunctivitis.png
cb336596-cc33-4597-815e-1422f09f60f3,images/D-109_day05_vomiting.png
cb336596-cc33-4597-815e-1422f09f60f3,images/D-109_day05_coughing.png
cb336596-cc33-4597-815e-1422f09f60f3,images/D-109_day05_dehydration.png
cb336596-cc33-4597-815e-1422f09f60f3,images/D-109_day05_nasal_discharge.png
cb336596-cc33-4597-815e-1422f09f60f3,images/D-109_day05_lacrimation.png
cb336596-cc33-4597-815e-1422f09f60f3,images/D-109_day05_conjunctivitis.png
3b0794d5-6dbc-4ba5-9dc6-080c4d2ceb17,images/D-109_day06_vomiting.png
3b0794d5-6dbc-4ba5-9dc6-080c4d2ceb17,images/D-109_day06_coughing.png
3b0794d5-6dbc-4ba5-9dc6-080c4d2ceb17,images/D-109_day06_dehydration.png
3b0794d5-6dbc-4ba5-9dc6-080c4d2ceb17,images/D-109_day06_nasal_discharge.png
3b0794d5-6dbc-4ba5-9dc6-080c4d2ceb17,images/D-109_day06_eye_discharge.png
3b0794d5-6dbc-4ba5-9dc6-080c4d2ceb17,images/D-109_day06_conjunctivitis.png
5f6f0710-cd1f-4928-bdd6-5c2e4519683e,images/D-109_day07_coughing.png
5f6f0710-cd1f-4928-bdd6-5c2e4519683e,images/D-109_day07_respiratory_abnormal.png
5f6f0710-cd1f-4928-bdd6-5c2e4519683e,images/D-109_day07_dehydration.png
5f6f0710-cd1f-4928-bdd6-5c2e4519683e,images/D-109_day07_nasal_discharge.png
5f6f0710-cd1f-4928-bdd6-5c2e4519683e,images/D-109_day07_conjunctivitis.png
3d15d0d4-7bf1-474c-bf61-70c4c1f9d44c,images/D-109_day08_coughing.png
3d15d0d4-7bf1-474c-bf61-70c4c1f9d44c,images/D-109_day08_nasal_discharge.png
43ee1eae-3085-4b12-9c5e-434ef434ae35,images/D-109_day09_dehydration.png
848868a4-6d6d-41df-b63b-a8e6a7779974,images/D-110_day04_nasal_discharge.png
eb760d96-a7f9-4cbf-bb2a-ef816b506484,images/D-110_day05_vomiting.png
eb760d96-a7f9-4cbf-bb2a-ef816b506484,images/D-110_day05_dehydration.png
eb760d96-a7f9-4cbf-bb2a-ef816b506484,images/D-110_day05_nasal_discharge.png
d85d6905-82c7-420a-8d68-8460e1371cdd,images/D-110_day06_vomiting.png
d85d6905-82c7-420a-8d68-8460e1371cdd,images/D-110_day06_coughing.png
d85d6905-82c7-420a-8d68-8460e1371cdd,images/D-110_day06_dehydration.png
d85d6905-82c7-420a-8d68-8460e1371cdd,images/D-110_day06_nasal_discharge.png
d85d6905-82c7-420a-8d68-8460e1371cdd,images/D-110_day06_conjunctivitis.png
44305f0f-472a-471d-9fc5-0c9b68e7c6a0,images/D-110_day07_coughing.png
44305f0f-472a-471d-9fc5-0c9b68e7c6a0,images/D-110_day07_dehydration.png
44305f0f-472a-471d-9fc5-0c9b68e7c6a0,images/D-110_day07_nasal_discharge.png
44305f0f-472a-471d-9fc5-0c9b68e7c6a0,images/D-110_day07_conjunctivitis.png
89a6c344-afd1-4621-bfc9-509363603277,images/D-110_day08_vomiting.png
89a6c344-afd1-4621-bfc9-509363603277,images/D-110_day08_coughing.png
89a6c344-afd1-4621-bfc9-509363603277,images/D-110_day08_dehydration.png
89a6c344-afd1-4621-bfc9-509363603277,images/D-110_day08_nasal_discharge.png
89a6c344-afd1-4621-bfc9-509363603277,images/D-110_day08_eye_discharge.png
89a6c344-afd1-4621-bfc9-509363603277,images/D-110_day08_conjunctivitis.png
425bc5be-fa3b-47c8-9c26-b6961442ef86,images/D-110_day09_coughing.png
425bc5be-fa3b-47c8-9c26-b6961442ef86,images/D-110_day09_dehydration.png
425bc5be-fa3b-47c8-9c26-b6961442ef86,images/D-110_day09_nasal_discharge.png
042cf672-3aa3-4a7f-973e-1d135c6a5193,images/D-110_day10_dehydration.png
042cf672-3aa3-4a7f-973e-1d135c6a5193,images/D-110_day10_nasal_discharge.png
a4e8cda4-f4e0-42cc-9c2e-2975375e718b,images/D-110_day11_respiratory_abnormal.png
49445f74-58d0-47d6-b956-d90252ef1f0e,images/C-001_day04_dehydration.png
49445f74-58d0-47d6-b956-d90252ef1f0e,images/C-001_day04_nasal_discharge.png
16e929f4-3ee0-4dd8-850e-ec685ec5f760,images/C-001_day06_dehydration.png
7cc95074-3eee-4c7e-8aea-72d6e0cce870,images/C-002_day04_dehydration.png
9d675219-ea3b-40e7-89ad-04a220470841,images/C-003_day06_coughing.png
9d675219-ea3b-40e7-89ad-04a220470841,images/C-003_day06_dehydration.png
9d675219-ea3b-40e7-89ad-04a220470841,images/C-003_day06_nasal_discharge.png
4dbab514-e677-448c-8d7d-8274a2038bc7,images/C-003_day07_nasal_discharge.png
94617415-a1ce-480c-99a2-0f57fe296435,images/C-003_day08_dehydration.png
da8c35df-3fee-487c-a77d-871c677b7fab,images/C-005_day05_vomiting.png
da8c35df-3fee-487c-a77d-871c677b7fab,images/C-005_day05_nasal_discharge.png
2b081653-1a66-463b-969b-6881d2f02fa9,images/C-005_day06_dehydration.png
2b081653-1a66-463b-969b-6881d2f02fa9,images/C-005_day06_nasal_discharge.png
2b081653-1a66-463b-969b-6881d2f02fa9,images/C-005_day06_conjunctivitis.png
5b8aecad-d07a-41c4-9450-5382ffbaf007,images/C-005_day07_coughing.png
5b8aecad-d07a-41c4-9450-5382ffbaf007,images/C-005_day07_dehydration.png
5b8aecad-d07a-41c4-9450-5382ffbaf007,images/C-005_day07_nasal_discharge.png
5b8aecad-d07a-41c4-9450-5382ffbaf007,images/C-005_day07_lacrimation.png
5b8aecad-d07a-41c4-9450-5382ffbaf007,images/C-005_day07_conjunctivitis.png
121c85d6-cd5f-4a3a-90a9-0ed676393925,images/C-005_day08_coughing.png
121c85d6-cd5f-4a3a-90a9-0ed676393925,images/C-005_day08_dehydration.png
121c85d6-cd5f-4a3a-90a9-0ed676393925,images/C-005_day08_nasal_discharge.png
121c85d6-cd5f-4a3a-90a9-0ed676393925,images/C-005_day08_lacrimation.png
121c85d6-cd5f-4a3a-90a9-0ed676393925,images/C-005_day08_eye_discharge.png
121c85d6-cd5f-4a3a-90a9-0ed676393925,images/C-005_day08_conjunctivitis.png
1e08660b-8cf2-4be3-80c3-dbe7ab34d3ed,images/C-005_day09_vomiting.png
1e08660b-8cf2-4be3-80c3-dbe7ab34d3ed,images/C-005_day09_coughing.png
1e08660b-8cf2-4be3-80c3-dbe7ab34d3ed,images/C-005_day09_dehydration.png
1e08660b-8cf2-4be3-80c3-dbe7ab34d3ed,images/C-005_day09_nasal_discharge.png
1e08660b-8cf2-4be3-80c3-dbe7ab34d3ed,images/C-005_day09_lacrimation.png
1e08660b-8cf2-4be3-80c3-dbe7ab34d3ed,images/C-005_day09_conjunctivitis.png
8eea074a-ed56-4874-93fb-9fefcd8a4606,images/C-005_day10_coughing.png
8eea074a-ed56-4874-93fb-9fefcd8a4606,images/C-005_day10_respiratory_abnormal.png
8eea074a-ed56-4874-93fb-9fefcd8a4606,images/C-005_day10_dehydration.png
8eea074a-ed56-4874-93fb-9fefcd8a4606,images/C-005_day10_nasal_discharge.png
ab0334e3-f9cb-49cd-a0e4-e24a9c6a0f74,images/C-005_day11_dehydration.png
ab0334e3-f9cb-49cd-a0e4-e24a9c6a0f74,images/C-005_day11_nasal_discharge.png
d0eee95b-e7f1-42d9-b718-5d8297391621,images/C-006_day04_dehydration.png
d0eee95b-e7f1-42d9-b718-5d8297391621,images/C-006_day04_nasal_discharge.png
f44dbf38-97fb-4b19-bb05-e439b5d88a9a,images/C-006_day05_vomiting.png
f44dbf38-97fb-4b19-bb05-e439b5d88a9a,images/C-006_day05_coughing.png
f44dbf38-97fb-4b19-bb05-e439b5d88a9a,images/C-006_day05_dehydration.png
f44dbf38-97fb-4b19-bb05-e439b5d88a9a,images/C-006_day05_nasal_discharge.png
f44dbf38-97fb-4b19-bb05-e439b5d88a9a,images/C-006_day05_conjunctivitis.png
d17d8eb8-95ac-4f54-b4a1-cd4e4861fec6,images/C-006_day06_vomiting.png
d17d8eb8-95ac-4f54-b4a1-cd4e4861fec6,images/C-006_day06_coughing.png
d17d8eb8-95ac-4f54-b4a1-cd4e4861fec6,images/C-006_day06_dehydration.png
d17d8eb8-95ac-4f54-b4a1-cd4e4861fec6,images/C-006_day06_nasal_discharge.png
d17d8eb8-95ac-4f54-b4a1-cd4e4861fec6,images/C-006_day06_conjunctivitis.png
73052b94-2fb9-445f-b7a2-9e26477aaeb6,images/C-006_day07_dehydration.png
73052b94-2fb9-445f-b7a2-9e26477aaeb6,images/C-006_day07_nasal_discharge.png
73052b94-2fb9-445f-b7a2-9e26477aaeb6,images/C-006_day07_conjunctivitis.png
7a96dbfc-6b87-410b-9420-8f7cbd9be9a2,images/C-006_day08_dehydration.png
7a96dbfc-6b87-410b-9420-8f7cbd9be9a2,images/C-006_day08_nasal_discharge.png
e46b57ee-6581-40ea-bd2c-f902ce416066,images/C-007_day02_dehydration.png
2a7b63ae-9e6b-4932-b166-2060d8d764c8,images/C-007_day03_nasal_discharge.png
bf4b6797-a5c0-423d-827c-a7d69f21b6e9,images/C-007_day04_coughing.png
bf4b6797-a5c0-423d-827c-a7d69f21b6e9,images/C-007_day04_dehydration.png
bf4b6797-a5c0-423d-827c-a7d69f21b6e9,images/C-007_day04_nasal_discharge.png
1442bd45-312b-46fa-ba6f-ae6732c24cbe,images/C-007_day05_coughing.png
1442bd45-312b-46fa-ba6f-ae6732c24cbe,images/C-007_day05_dehydration.png
1442bd45-312b-46fa-ba6f-ae6732c24cbe,images/C-007_day05_nasal_discharge.png
bd7f85cd-631e-44bf-b61a-2a7d79def86f,images/C-007_day06_vomiting.png
bd7f85cd-631e-44bf-b61a-2a7d79def86f,images/C-007_day06_coughing.png
bd7f85cd-631e-44bf-b61a-2a7d79def86f,images/C-007_day06_dehydration.png
bd7f85cd-631e-44bf-b61a-2a7d79def86f,images/C-007_day06_nasal_discharge.png
73cc3404-a20e-4192-b259-09e17b2d7c50,images/C-007_day07_coughing.png
73cc3404-a20e-4192-b259-09e17b2d7c50,images/C-007_day07_dehydration.png
73cc3404-a20e-4192-b259-09e17b2d7c50,images/C-007_day07_conjunctivitis.png
5f2dca80-8802-4ea4-9869-881ad006a451,images/C-008_day03_dehydration.png
5f2dca80-8802-4ea4-9869-881ad006a451,images/C-008_day03_nasal_discharge.png
de83befa-3922-4889-b10f-ba8847d40576,images/C-008_day04_vomiting.png
de83befa-3922-4889-b10f-ba8847d40576,images/C-008_day04_coughing.png
de83befa-3922-4889-b10f-ba8847d40576,images/C-008_day04_dehydration.png
de83befa-3922-4889-b10f-ba8847d40576,images/C-008_day04_nasal_discharge.png
de83befa-3922-4889-b10f-ba8847d40576,images/C-008_day04_conjunctivitis.png
c0ac98aa-61ab-487e-bdab-a7b44d4411a1,images/C-008_day05_vomiting.png
c0ac98aa-61ab-487e-bdab-a7b44d4411a1,images/C-008_day05_coughing.png
c0ac98aa-61ab-487e-bdab-a7b44d4411a1,images/C-008_day05_dehydration.png
c0ac98aa-61ab-487e-bdab-a7b44d4411a1,images/C-008_day05_nasal_discharge.png
c0ac98aa-61ab-487e-bdab-a7b44d4411a1,images/C-008_day05_conjunctivitis.png
d330527d-0fd1-4adc-828b-93d8955b58a1,images/C-008_day06_coughing.png
d330527d-0fd1-4adc-828b-93d8955b58a1,images/C-008_day06_dehydration.png
d330527d-0fd1-4adc-828b-93d8955b58a1,images/C-008_day06_nasal_discharge.png
0a548eb1-e709-4e35-8682-12acdefa1155,images/C-008_day07_coughing.png
0a548eb1-e709-4e35-8682-12acdefa1155,images/C-008_day07_dehydration.png
